scope,condition,prompt_id,prompt,reward_model,n,raw_mean,raw_var,z_mean,z_var
all_rollouts,imagereward,parti_00233,the Great Wall,hpsv2,44,0.18564675071022727,0.00037356675553271433,-0.6090545972630315,0.08032089488903439
all_rollouts,imagereward,parti_00233,the Great Wall,imagereward,44,-1.8113517563536086,0.9392531814184109,-0.9133719486739587,0.34125627061185015
all_rollouts,imagereward,parti_00233,the Great Wall,pickscore,44,18.163643923672762,0.373132922390768,-1.2345711138753246,0.07712852585199487
all_rollouts,imagereward,parti_00300,"a portrait of a statue of the Egyptian god Anubis wearing aviator goggles, white t-shirt and leather jacket. The city of Los Angeles is in the background.",hpsv2,44,0.22299055619673294,0.0012768999935299096,-0.06147314249130387,0.27454731622965023
all_rollouts,imagereward,parti_00300,"a portrait of a statue of the Egyptian god Anubis wearing aviator goggles, white t-shirt and leather jacket. The city of Los Angeles is in the background.",imagereward,44,0.04640417863530191,1.1433666141297372,0.20642077252884652,0.415416241753668
all_rollouts,imagereward,parti_00300,"a portrait of a statue of the Egyptian god Anubis wearing aviator goggles, white t-shirt and leather jacket. The city of Los Angeles is in the background.",pickscore,44,19.56158585981889,1.077293817911678,-0.5989989562638235,0.22268226441294295
all_rollouts,imagereward,parti_00308,"a portrait of a statue of the Egyptian god Anubis wearing aviator goggles, white t-shirt and leather jacket. the skyline of Los Angeles at night can be seen in the background.",hpsv2,44,0.2318087491122159,0.0006509170203959966,0.06783020092030315,0.13995420310395312
all_rollouts,imagereward,parti_00308,"a portrait of a statue of the Egyptian god Anubis wearing aviator goggles, white t-shirt and leather jacket. the skyline of Los Angeles at night can be seen in the background.",imagereward,44,0.35012574097014626,0.8058865226346684,0.3894939030565835,0.2928005299224516
all_rollouts,imagereward,parti_00308,"a portrait of a statue of the Egyptian god Anubis wearing aviator goggles, white t-shirt and leather jacket. the skyline of Los Angeles at night can be seen in the background.",pickscore,44,19.876966606486928,0.384435005351389,-0.45561158340803387,0.07946472548890801
all_rollouts,imagereward,parti_00422,"a young badger delicately sniffing a yellow rose, richly textured oil painting",hpsv2,44,0.27787642045454547,0.0012401440052855089,0.7433318581012799,0.26664438101232585
all_rollouts,imagereward,parti_00422,"a young badger delicately sniffing a yellow rose, richly textured oil painting",imagereward,44,1.3854875977743755,1.0880700188887091,1.0135751664908559,0.3953254821557188
all_rollouts,imagereward,parti_00422,"a young badger delicately sniffing a yellow rose, richly textured oil painting",pickscore,44,22.31221801584417,1.081915763256687,0.6515717355490998,0.22363764467996666
all_rollouts,imagereward,parti_00555,the Taj Mahal at sunrise,hpsv2,44,0.19659978693181818,0.002549895162184193,-0.44844751851864745,0.5482550528560567
all_rollouts,imagereward,parti_00555,the Taj Mahal at sunrise,imagereward,44,-0.7639917312189937,1.7781957552255874,-0.28205859338569805,0.6460669645320953
all_rollouts,imagereward,parti_00555,the Taj Mahal at sunrise,pickscore,44,19.190759333697233,3.7903254577601686,-0.7675946677255362,0.7834800884982497
all_rollouts,imagereward,parti_00674,an elder politician giving a campaign speech,hpsv2,44,0.15787159312855115,0.0014789002921912684,-1.0163286015308635,0.3179795663323008
all_rollouts,imagereward,parti_00674,an elder politician giving a campaign speech,imagereward,44,-1.5407209640199488,0.6710900657517835,-0.7502448200340015,0.24382530462901436
all_rollouts,imagereward,parti_00674,an elder politician giving a campaign speech,pickscore,44,19.264295664700594,1.2712751443355284,-0.7341614875982646,0.2627792187476709
all_rollouts,imagereward,parti_00708,A shiny robot wearing a race car suit and black visor stands proudly in front of an F1 race car. The sun is setting on a cityscape in the background. comic book illustration.,hpsv2,44,0.25404774058948865,0.0003758321967109817,0.3939260325350402,0.08080798925720808
all_rollouts,imagereward,parti_00708,A shiny robot wearing a race car suit and black visor stands proudly in front of an F1 race car. The sun is setting on a cityscape in the background. comic book illustration.,imagereward,44,0.23523662786465138,0.2675395644926582,0.320242614349627,0.09720441285278084
all_rollouts,imagereward,parti_00708,A shiny robot wearing a race car suit and black visor stands proudly in front of an F1 race car. The sun is setting on a cityscape in the background. comic book illustration.,pickscore,44,20.65254831314087,0.22487632227135734,-0.10299454978430798,0.046483111499991965
all_rollouts,imagereward,parti_00861,The trophy doesn't fit into the brown suitcase because it's too small,hpsv2,44,0.18730302290482956,0.000886209632012103,-0.5847682684863351,0.19054466075544682
all_rollouts,imagereward,parti_00861,The trophy doesn't fit into the brown suitcase because it's too small,imagereward,44,-1.8144844113425775,0.4226201053729658,-0.9152602076150924,0.1535493984991025
all_rollouts,imagereward,parti_00861,The trophy doesn't fit into the brown suitcase because it's too small,pickscore,44,19.978294112465598,0.5980169108682662,-0.4095431881942828,0.12361322199687622
all_rollouts,imagereward,parti_00973,a view of the Milllenium Wheel from the Thames,hpsv2,44,0.19523759321732956,0.0017181761153278593,-0.46842170181740445,0.3694264575639223
all_rollouts,imagereward,parti_00973,a view of the Milllenium Wheel from the Thames,imagereward,44,-0.8862068590242416,1.8566881362167984,-0.35572575706401194,0.6745853850585548
all_rollouts,imagereward,parti_00973,a view of the Milllenium Wheel from the Thames,pickscore,44,19.576381596651945,1.3620740264457123,-0.5922720972010219,0.2815478223897623
all_rollouts,imagereward,parti_00995,a red block to the left of a blue pyramid,hpsv2,44,0.24118874289772727,0.0004342498285321807,0.20537136941948306,0.09336841224903912
all_rollouts,imagereward,parti_00995,a red block to the left of a blue pyramid,imagereward,44,-0.2890691418539394,0.9245456328168414,0.004208751365888571,0.33591261750009316
all_rollouts,imagereward,parti_00995,a red block to the left of a blue pyramid,pickscore,44,20.26657351580533,0.5861070019147949,-0.2784773995244753,0.12115138154943723
all_rollouts,ir_ps,parti_00233,the Great Wall,hpsv2,44,0.1880770596590909,0.0002967121737199909,-0.5734183761434569,0.0637963281386618
all_rollouts,ir_ps,parti_00233,the Great Wall,imagereward,44,-1.816695325923237,0.8923032790926652,-0.9165928724759578,0.324198091954335
all_rollouts,ir_ps,parti_00233,the Great Wall,pickscore,44,18.228273911909625,0.3922999027474426,-1.205187188829518,0.08109044089951317
all_rollouts,ir_ps,parti_00300,"a portrait of a statue of the Egyptian god Anubis wearing aviator goggles, white t-shirt and leather jacket. The city of Los Angeles is in the background.",hpsv2,44,0.22459272904829544,0.0011262093802587173,-0.037980085760077484,0.24214720371947904
all_rollouts,ir_ps,parti_00300,"a portrait of a statue of the Egyptian god Anubis wearing aviator goggles, white t-shirt and leather jacket. The city of Los Angeles is in the background.",imagereward,44,0.026279000099748373,1.0523470737344753,0.19428999258484148,0.3823463629152647
all_rollouts,ir_ps,parti_00300,"a portrait of a statue of the Egyptian god Anubis wearing aviator goggles, white t-shirt and leather jacket. The city of Los Angeles is in the background.",pickscore,44,19.59832442890514,0.9112866580782704,-0.5822958221650799,0.1883677165655188
all_rollouts,ir_ps,parti_00308,"a portrait of a statue of the Egyptian god Anubis wearing aviator goggles, white t-shirt and leather jacket. the skyline of Los Angeles at night can be seen in the background.",hpsv2,44,0.23417247425426135,0.0005984250495474131,0.10249008721468389,0.1286678613441385
all_rollouts,ir_ps,parti_00308,"a portrait of a statue of the Egyptian god Anubis wearing aviator goggles, white t-shirt and leather jacket. the skyline of Los Angeles at night can be seen in the background.",imagereward,44,0.3627840565009551,0.790050387572504,0.3971239094137817,0.28704683060140296
all_rollouts,ir_ps,parti_00308,"a portrait of a statue of the Egyptian god Anubis wearing aviator goggles, white t-shirt and leather jacket. the skyline of Los Angeles at night can be seen in the background.",pickscore,44,20.03686185316606,0.41387383093961055,-0.38291545469481925,0.08554988464850538
all_rollouts,ir_ps,parti_00422,"a young badger delicately sniffing a yellow rose, richly textured oil painting",hpsv2,44,0.2790499600497159,0.00115562697388153,0.760539759395321,0.24847230468275075
all_rollouts,ir_ps,parti_00422,"a young badger delicately sniffing a yellow rose, richly textured oil painting",imagereward,44,1.3924336291172288,1.1375636430628224,1.0177620002898928,0.4133078642640401
all_rollouts,ir_ps,parti_00422,"a young badger delicately sniffing a yellow rose, richly textured oil painting",pickscore,44,22.340252919630572,0.9934212253681944,0.6643177615657984,0.20534536103594955
all_rollouts,ir_ps,parti_00555,the Taj Mahal at sunrise,hpsv2,44,0.2006378173828125,0.002282695736476155,-0.3892368794324137,0.4908042849040186
all_rollouts,ir_ps,parti_00555,the Taj Mahal at sunrise,imagereward,44,-0.6782197908667679,1.7583163239214594,-0.23035815594883047,0.6388442255273828
all_rollouts,ir_ps,parti_00555,the Taj Mahal at sunrise,pickscore,44,19.308344320817426,3.6885133490551962,-0.7141348336406314,0.7624349933402464
all_rollouts,ir_ps,parti_00674,an elder politician giving a campaign speech,hpsv2,44,0.15547873757102273,0.0014964796240435597,-1.0514156343112664,0.32175931291042914
all_rollouts,ir_ps,parti_00674,an elder politician giving a campaign speech,imagereward,44,-1.545497458851473,0.7016310998813755,-0.7531239302790378,0.2549216944138799
all_rollouts,ir_ps,parti_00674,an elder politician giving a campaign speech,pickscore,44,19.26093326915394,1.3398863584939704,-0.735690195577525,0.27696151542374436
all_rollouts,ir_ps,parti_00708,A shiny robot wearing a race car suit and black visor stands proudly in front of an F1 race car. The sun is setting on a cityscape in the background. comic book illustration.,hpsv2,44,0.2528908469460227,0.00032168611033522306,0.3769622149472976,0.06916599475949634
all_rollouts,ir_ps,parti_00708,A shiny robot wearing a race car suit and black visor stands proudly in front of an F1 race car. The sun is setting on a cityscape in the background. comic book illustration.,imagereward,44,0.254847230728377,0.2877802374616007,0.33206322540601413,0.1045584007962919
all_rollouts,ir_ps,parti_00708,A shiny robot wearing a race car suit and black visor stands proudly in front of an F1 race car. The sun is setting on a cityscape in the background. comic book illustration.,pickscore,44,20.629936261610553,0.24989844917048454,-0.1132750843383871,0.05165531594940289
all_rollouts,ir_ps,parti_00861,The trophy doesn't fit into the brown suitcase because it's too small,hpsv2,44,0.18586314808238635,0.0008144075913358693,-0.6058815090811516,0.17510644502409836
all_rollouts,ir_ps,parti_00861,The trophy doesn't fit into the brown suitcase because it's too small,imagereward,44,-1.7646199010989883,0.5146683745408682,-0.8852035599330883,0.18699304252815688
all_rollouts,ir_ps,parti_00861,The trophy doesn't fit into the brown suitcase because it's too small,pickscore,44,19.931703090667725,0.5416660057822641,-0.4307257248102412,0.11196519530477599
all_rollouts,ir_ps,parti_00973,a view of the Milllenium Wheel from the Thames,hpsv2,44,0.19821583140980115,0.0017761682351188732,-0.42475105869883906,0.38189539086470253
all_rollouts,ir_ps,parti_00973,a view of the Milllenium Wheel from the Thames,imagereward,44,-0.8095720469401303,1.8770680691373505,-0.3095328728716948,0.6819899699366004
all_rollouts,ir_ps,parti_00973,a view of the Milllenium Wheel from the Thames,pickscore,44,19.703932198611174,1.3889702309323655,-0.5342814116112032,0.28710740847446814
all_rollouts,ir_ps,parti_00995,a red block to the left of a blue pyramid,hpsv2,44,0.24043412642045456,0.0004648643114602087,0.1943062414006197,0.09995085736473931
all_rollouts,ir_ps,parti_00995,a red block to the left of a blue pyramid,imagereward,44,-0.22331444402648645,0.8362307863091605,0.04384346905150924,0.30382542763999976
all_rollouts,ir_ps,parti_00995,a red block to the left of a blue pyramid,pickscore,44,20.29911656813188,0.5745130321692626,-0.263681750686964,0.11875484738805585
all_rollouts,no_rl,parti_00233,the Great Wall,hpsv2,44,0.18939208984375,0.00032637736131978587,-0.554135763345879,0.0701746644862546
all_rollouts,no_rl,parti_00233,the Great Wall,imagereward,44,-1.7528779212046752,0.8467415505780965,-0.8781258898417047,0.30764427466299393
all_rollouts,no_rl,parti_00233,the Great Wall,pickscore,44,18.27009699561379,0.3681429218138097,-1.1861723879565254,0.07609706664428031
all_rollouts,no_rl,parti_00300,"a portrait of a statue of the Egyptian god Anubis wearing aviator goggles, white t-shirt and leather jacket. The city of Los Angeles is in the background.",hpsv2,44,0.23665826970880682,0.000852156225710036,0.13893992068858663,0.18322280990096845
all_rollouts,no_rl,parti_00300,"a portrait of a statue of the Egyptian god Anubis wearing aviator goggles, white t-shirt and leather jacket. The city of Los Angeles is in the background.",imagereward,44,0.33716289343481715,0.9218910731973525,0.3816803350615982,0.33494814366728104
all_rollouts,no_rl,parti_00300,"a portrait of a statue of the Egyptian god Anubis wearing aviator goggles, white t-shirt and leather jacket. The city of Los Angeles is in the background.",pickscore,44,20.08190280740911,0.5726055653647594,-0.3624376539157275,0.11836056402704791
all_rollouts,no_rl,parti_00308,"a portrait of a statue of the Egyptian god Anubis wearing aviator goggles, white t-shirt and leather jacket. the skyline of Los Angeles at night can be seen in the background.",hpsv2,44,0.2364474209872159,0.0005191685769699088,0.13584819374213952,0.1116268620879403
all_rollouts,no_rl,parti_00308,"a portrait of a statue of the Egyptian god Anubis wearing aviator goggles, white t-shirt and leather jacket. the skyline of Los Angeles at night can be seen in the background.",imagereward,44,0.4636809064752676,0.6036388685913986,0.4579411330681909,0.2193184470035796
all_rollouts,no_rl,parti_00308,"a portrait of a statue of the Egyptian god Anubis wearing aviator goggles, white t-shirt and leather jacket. the skyline of Los Angeles at night can be seen in the background.",pickscore,44,20.009077895771373,0.32913293926759996,-0.3955473883193364,0.06803349930204987
all_rollouts,no_rl,parti_00422,"a young badger delicately sniffing a yellow rose, richly textured oil painting",hpsv2,44,0.2739202325994318,0.0010340740199320916,0.6853212972376802,0.2223371042318919
all_rollouts,no_rl,parti_00422,"a young badger delicately sniffing a yellow rose, richly textured oil painting",imagereward,44,1.444951163774187,1.0453701517591794,1.0494178017527094,0.3798114570765174
all_rollouts,no_rl,parti_00422,"a young badger delicately sniffing a yellow rose, richly textured oil painting",pickscore,44,21.969754349101674,0.9464948053171565,0.4958711546114353,0.19564542467317095
all_rollouts,no_rl,parti_00555,the Taj Mahal at sunrise,hpsv2,44,0.2094546231356534,0.0018861911635664752,-0.25995387632966493,0.40555151106367915
all_rollouts,no_rl,parti_00555,the Taj Mahal at sunrise,imagereward,44,-0.41065007863058284,1.6912214904170422,-0.06907614331556293,0.6144668445272317
all_rollouts,no_rl,parti_00555,the Taj Mahal at sunrise,pickscore,44,19.732503175735474,3.1221246200606623,-0.5212916606734628,0.6453594818934596
all_rollouts,no_rl,parti_00674,an elder politician giving a campaign speech,hpsv2,44,0.16836964000355115,0.0016019263582394696,-0.8623931440919705,0.3444315018252694
all_rollouts,no_rl,parti_00674,an elder politician giving a campaign speech,imagereward,44,-1.3900847547708757,0.8567402351014246,-0.6594463854873763,0.31127706916287795
all_rollouts,no_rl,parti_00674,an elder politician giving a campaign speech,pickscore,44,19.56998348236084,1.4037584869933368,-0.5951809900523608,0.29016421831744965
all_rollouts,no_rl,parti_00708,A shiny robot wearing a race car suit and black visor stands proudly in front of an F1 race car. The sun is setting on a cityscape in the background. comic book illustration.,hpsv2,44,0.25269664417613635,0.0004846972214495152,0.37411457170714885,0.1042151476287997
all_rollouts,no_rl,parti_00708,A shiny robot wearing a race car suit and black visor stands proudly in front of an F1 race car. The sun is setting on a cityscape in the background. comic book illustration.,imagereward,44,0.31497063288803806,0.351535689966739,0.3683035876862936,0.12772249369850408
all_rollouts,no_rl,parti_00708,A shiny robot wearing a race car suit and black visor stands proudly in front of an F1 race car. The sun is setting on a cityscape in the background. comic book illustration.,pickscore,44,20.420644109899346,0.3207902319544456,-0.20842944017733994,0.06630901808351945
all_rollouts,no_rl,parti_00861,The trophy doesn't fit into the brown suitcase because it's too small,hpsv2,44,0.18931718306107956,0.0009364722883348484,-0.5552341400242219,0.20135167576829463
all_rollouts,no_rl,parti_00861,The trophy doesn't fit into the brown suitcase because it's too small,imagereward,44,-1.700184840200977,0.7005234167130273,-0.8463642749522635,0.2545192429401685
all_rollouts,no_rl,parti_00861,The trophy doesn't fit into the brown suitcase because it's too small,pickscore,44,20.051165450703014,0.6479482767531553,-0.3764123460083236,0.1339342963738108
all_rollouts,no_rl,parti_00973,a view of the Milllenium Wheel from the Thames,hpsv2,44,0.1738558682528409,0.0013259566895049422,-0.7819472225577712,0.2850950367177728
all_rollouts,no_rl,parti_00973,a view of the Milllenium Wheel from the Thames,imagereward,44,-1.5416229505261236,1.2221422044828498,-0.7507885071272383,0.4440375599572998
all_rollouts,no_rl,parti_00973,a view of the Milllenium Wheel from the Thames,pickscore,44,18.975670207630504,1.2274720763991476,-0.8653846090659272,0.25372489559633643
all_rollouts,no_rl,parti_00995,a red block to the left of a blue pyramid,hpsv2,44,0.22712846235795456,0.00039945029305101193,-0.000798001167279366,0.08588613554702303
all_rollouts,no_rl,parti_00995,a red block to the left of a blue pyramid,imagereward,44,-0.9278195646845482,0.5238090424557619,-0.380808494807086,0.19031409621767154
all_rollouts,no_rl,parti_00995,a red block to the left of a blue pyramid,pickscore,44,19.710317481647838,0.24935348929104972,-0.5313783524700191,0.051542669893193255
all_rollouts,pickscore,parti_00233,the Great Wall,hpsv2,44,0.1862820712002841,0.0003300215537023847,-0.5997387358059737,0.07095820528313503
all_rollouts,pickscore,parti_00233,the Great Wall,imagereward,44,-1.8093542830849236,0.7820337748626658,-0.9121679390487202,0.28413417679258923
all_rollouts,pickscore,parti_00233,the Great Wall,pickscore,44,18.172395792874422,0.39731666929447174,-1.230592089963239,0.08212743277317774
all_rollouts,pickscore,parti_00300,"a portrait of a statue of the Egyptian god Anubis wearing aviator goggles, white t-shirt and leather jacket. The city of Los Angeles is in the background.",hpsv2,44,0.2245760830965909,0.0010667833919000926,-0.03822416946637594,0.22936997316044966
all_rollouts,pickscore,parti_00300,"a portrait of a statue of the Egyptian god Anubis wearing aviator goggles, white t-shirt and leather jacket. The city of Los Angeles is in the background.",imagereward,44,0.09560640301259066,1.0268040277211121,0.2360782165918655,0.373065878382411
all_rollouts,pickscore,parti_00300,"a portrait of a statue of the Egyptian god Anubis wearing aviator goggles, white t-shirt and leather jacket. The city of Los Angeles is in the background.",pickscore,44,19.71483564376831,0.8502097530928612,-0.529324176990268,0.17574280098598824
all_rollouts,pickscore,parti_00308,"a portrait of a statue of the Egyptian god Anubis wearing aviator goggles, white t-shirt and leather jacket. the skyline of Los Angeles at night can be seen in the background.",hpsv2,44,0.23214166814630682,0.0007464252097284063,0.07271187504627227,0.16048949732592163
all_rollouts,pickscore,parti_00308,"a portrait of a statue of the Egyptian god Anubis wearing aviator goggles, white t-shirt and leather jacket. the skyline of Los Angeles at night can be seen in the background.",imagereward,44,0.4804719076068564,0.7390379301105647,0.4680621831451879,0.2685126149792447
all_rollouts,pickscore,parti_00308,"a portrait of a statue of the Egyptian god Anubis wearing aviator goggles, white t-shirt and leather jacket. the skyline of Los Angeles at night can be seen in the background.",pickscore,44,19.936935858293012,0.39808283053822857,-0.4283466550335287,0.08228580230786607
all_rollouts,pickscore,parti_00422,"a young badger delicately sniffing a yellow rose, richly textured oil painting",hpsv2,44,0.2826760031960227,0.0012454673112320851,0.8137093267506681,0.2677889493955253
all_rollouts,pickscore,parti_00422,"a young badger delicately sniffing a yellow rose, richly textured oil painting",imagereward,44,1.4481175599450415,1.0281615907059678,1.0513263987421135,0.3735591180013952
all_rollouts,pickscore,parti_00422,"a young badger delicately sniffing a yellow rose, richly textured oil painting",pickscore,44,22.393218430605803,0.9682893551100922,0.688398449911358,0.2001504720604841
all_rollouts,pickscore,parti_00555,the Taj Mahal at sunrise,hpsv2,44,0.20171564275568182,0.0025426944359412404,-0.37343245944958875,0.5467068187931509
all_rollouts,pickscore,parti_00555,the Taj Mahal at sunrise,imagereward,44,-0.7224975499239835,1.9068586392441123,-0.25704729813894145,0.6928136956957001
all_rollouts,pickscore,parti_00555,the Taj Mahal at sunrise,pickscore,44,19.338443582708184,4.001224720786427,-0.7004502503773512,0.8270740687781574
all_rollouts,pickscore,parti_00674,an elder politician giving a campaign speech,hpsv2,44,0.15888283469460227,0.0014039677573686926,-1.0015005163732322,0.3018682604837108
all_rollouts,pickscore,parti_00674,an elder politician giving a campaign speech,imagereward,44,-1.5460655462547122,0.6966011779464355,-0.7534663542364441,0.2530941867354985
all_rollouts,pickscore,parti_00674,an elder politician giving a campaign speech,pickscore,44,19.309783068570223,1.2520133549088386,-0.713480709181053,0.2587977061697046
all_rollouts,pickscore,parti_00708,A shiny robot wearing a race car suit and black visor stands proudly in front of an F1 race car. The sun is setting on a cityscape in the background. comic book illustration.,hpsv2,44,0.2534845525568182,0.00026477939482723176,0.3856678671386092,0.056930435124968655
all_rollouts,pickscore,parti_00708,A shiny robot wearing a race car suit and black visor stands proudly in front of an F1 race car. The sun is setting on a cityscape in the background. comic book illustration.,imagereward,44,0.2726844058118083,0.2748925215772349,0.3428148739132577,0.09987594249174604
all_rollouts,pickscore,parti_00708,A shiny robot wearing a race car suit and black visor stands proudly in front of an F1 race car. The sun is setting on a cityscape in the background. comic book illustration.,pickscore,44,20.618052395907316,0.2918825106255106,-0.11867806565719166,0.060333640951007836
all_rollouts,pickscore,parti_00861,The trophy doesn't fit into the brown suitcase because it's too small,hpsv2,44,0.18683971058238635,0.0008599850453483632,-0.5915619316449755,0.1849060908406189
all_rollouts,pickscore,parti_00861,The trophy doesn't fit into the brown suitcase because it's too small,imagereward,44,-1.6585379899902777,0.9618303103890612,-0.821260956023966,0.34945915667715133
all_rollouts,pickscore,parti_00861,The trophy doesn't fit into the brown suitcase because it's too small,pickscore,44,19.994060429659758,0.6043066248139574,-0.4023750562586292,0.12491333875300058
all_rollouts,pickscore,parti_00973,a view of the Milllenium Wheel from the Thames,hpsv2,44,0.1965304287997159,0.0018510828798845508,-0.4494645339615577,0.3980028501574672
all_rollouts,pickscore,parti_00973,a view of the Milllenium Wheel from the Thames,imagereward,44,-0.88461982304315,1.8464359676521027,-0.3547691452150374,0.6708604929003099
all_rollouts,pickscore,parti_00973,a view of the Milllenium Wheel from the Thames,pickscore,44,19.61885265870528,1.4755135014067555,-0.5729626939652157,0.30499635494247707
all_rollouts,pickscore,parti_00995,a red block to the left of a blue pyramid,hpsv2,44,0.24085582386363635,0.0004902841172813109,0.20048969529351393,0.1054163906896864
all_rollouts,pickscore,parti_00995,a red block to the left of a blue pyramid,imagereward,44,-0.19014972549947826,0.9354019945979635,0.06383404462057896,0.33985702951501323
all_rollouts,pickscore,parti_00995,a red block to the left of a blue pyramid,pickscore,44,20.31255800073797,0.5908268369999805,-0.25757062396420904,0.1221269961375374
final_eval,imagereward,parti_00233,the Great Wall,hpsv2,4,0.18841552734375,0.0009059558312098185,-0.568455340782055,0.19479030726099822
final_eval,imagereward,parti_00233,the Great Wall,imagereward,4,-1.5882052555680275,1.886631642340076,-0.7788667520357031,0.6854646766391714
final_eval,imagereward,parti_00233,the Great Wall,pickscore,4,18.32201337814331,1.1034045241622152,-1.1625686842500353,0.22807948390554333
final_eval,imagereward,parti_00300,"a portrait of a statue of the Egyptian god Anubis wearing aviator goggles, white t-shirt and leather jacket. The city of Los Angeles is in the background.",hpsv2,4,0.2313232421875,0.00041490793228149414,0.06071109281993153,0.08920969525215165
final_eval,imagereward,parti_00300,"a portrait of a statue of the Egyptian god Anubis wearing aviator goggles, white t-shirt and leather jacket. The city of Los Angeles is in the background.",imagereward,4,0.0599423311650753,0.3258901391363264,0.21458111500217797,0.118404766372889
final_eval,imagereward,parti_00300,"a portrait of a statue of the Egyptian god Anubis wearing aviator goggles, white t-shirt and leather jacket. The city of Los Angeles is in the background.",pickscore,4,19.970048427581787,0.10519834573733533,-0.4132920761824608,0.0217450480563382
final_eval,imagereward,parti_00308,"a portrait of a statue of the Egyptian god Anubis wearing aviator goggles, white t-shirt and leather jacket. the skyline of Los Angeles at night can be seen in the background.",hpsv2,4,0.21258544921875,0.0001808851957321167,-0.214045799236697,0.038892274481607134
final_eval,imagereward,parti_00308,"a portrait of a statue of the Egyptian god Anubis wearing aviator goggles, white t-shirt and leather jacket. the skyline of Los Angeles at night can be seen in the background.",imagereward,4,0.7919573029503226,0.9786982345397962,0.655815090778167,0.3555877330850059
final_eval,imagereward,parti_00308,"a portrait of a statue of the Egyptian god Anubis wearing aviator goggles, white t-shirt and leather jacket. the skyline of Los Angeles at night can be seen in the background.",pickscore,4,19.59835958480835,0.10962447437335261,-0.5822798385875952,0.022659951985854774
final_eval,imagereward,parti_00422,"a young badger delicately sniffing a yellow rose, richly textured oil painting",hpsv2,4,0.263031005859375,0.000743581602970759,0.5256498727007737,0.1598780911017221
final_eval,imagereward,parti_00422,"a young badger delicately sniffing a yellow rose, richly textured oil painting",imagereward,4,0.22131669521331787,3.834514133552252,0.3118521476747407,1.393183455443147
final_eval,imagereward,parti_00422,"a young badger delicately sniffing a yellow rose, richly textured oil painting",pickscore,4,22.05380916595459,1.042374374448021,0.5340865482007605,0.21546423288501637
final_eval,imagereward,parti_00555,the Taj Mahal at sunrise,hpsv2,4,0.20074462890625,0.005909735957781474,-0.387670675650332,1.2706571814989678
final_eval,imagereward,parti_00555,the Taj Mahal at sunrise,imagereward,4,-0.7067800499498844,2.6599482733019033,-0.24757331841156327,0.9664316775553958
final_eval,imagereward,parti_00555,the Taj Mahal at sunrise,pickscore,4,19.226482391357422,9.560639050811005,-0.7513532343394265,1.9762340762303987
final_eval,imagereward,parti_00674,an elder politician giving a campaign speech,hpsv2,4,0.1905517578125,0.0012002090613047283,-0.5371312651404198,0.258057935911488
final_eval,imagereward,parti_00674,an elder politician giving a campaign speech,imagereward,4,-0.952921912074089,0.7703656361305482,-0.39593934453955093,0.2798948240946393
final_eval,imagereward,parti_00674,an elder politician giving a campaign speech,pickscore,4,20.248480319976807,1.6103929886749029,-0.2867034432631193,0.3328766501306096
final_eval,imagereward,parti_00708,A shiny robot wearing a race car suit and black visor stands proudly in front of an F1 race car. The sun is setting on a cityscape in the background. comic book illustration.,hpsv2,4,0.264678955078125,0.0006392436722914377,0.5498141596243207,0.1374443069415595
final_eval,imagereward,parti_00708,A shiny robot wearing a race car suit and black visor stands proudly in front of an F1 race car. The sun is setting on a cityscape in the background. comic book illustration.,imagereward,4,0.3161237630993128,0.24168867164625038,0.3689986557481767,0.08781207917824434
final_eval,imagereward,parti_00708,A shiny robot wearing a race car suit and black visor stands proudly in front of an F1 race car. The sun is setting on a cityscape in the background. comic book illustration.,pickscore,4,21.029356956481934,0.18482840870395498,0.06832092209800111,0.038204998389224885
final_eval,imagereward,parti_00861,The trophy doesn't fit into the brown suitcase because it's too small,hpsv2,4,0.213470458984375,8.425489068031311e-05,-0.20106868218516244,0.0181157132373035
final_eval,imagereward,parti_00861,The trophy doesn't fit into the brown suitcase because it's too small,imagereward,4,-1.8186151087284088,0.030317268034720495,-0.9177500529058695,0.01101508946612738
final_eval,imagereward,parti_00861,The trophy doesn't fit into the brown suitcase because it's too small,pickscore,4,20.764443397521973,0.09407226655336369,-0.05212162125461767,0.019445229320232137
final_eval,imagereward,parti_00973,a view of the Milllenium Wheel from the Thames,hpsv2,4,0.176116943359375,0.0016402838130791981,-0.7487925191188974,0.35267876969041784
final_eval,imagereward,parti_00973,a view of the Milllenium Wheel from the Thames,imagereward,4,-1.6097390800714493,0.8603185427909598,-0.7918466163356571,0.3125771658369061
final_eval,imagereward,parti_00973,a view of the Milllenium Wheel from the Thames,pickscore,4,19.085197925567627,1.6113019317887545,-0.815588000059783,0.333064533424331
final_eval,imagereward,parti_00995,a red block to the left of a blue pyramid,hpsv2,4,0.24310302734375,0.00015493730703989664,0.23344099564380547,0.033313197624866724
final_eval,imagereward,parti_00995,a red block to the left of a blue pyramid,imagereward,4,-0.16394905745983124,1.146637934156576,0.07962692505706259,0.41660480144600887
final_eval,imagereward,parti_00995,a red block to the left of a blue pyramid,pickscore,4,20.124753952026367,0.16989834237028845,-0.34295544672506795,0.03511887562147233
final_eval,ir_ps,parti_00233,the Great Wall,hpsv2,4,0.192169189453125,0.0006318427622318268,-0.5134144650117531,0.13585303119183836
final_eval,ir_ps,parti_00233,the Great Wall,imagereward,4,-1.6069567278027534,1.785731037863741,-0.7901695080785242,0.6488047380121055
final_eval,ir_ps,parti_00233,the Great Wall,pickscore,4,18.490296840667725,0.9455721992280814,-1.0860588660655726,0.1954547171710388
final_eval,ir_ps,parti_00300,"a portrait of a statue of the Egyptian god Anubis wearing aviator goggles, white t-shirt and leather jacket. The city of Los Angeles is in the background.",hpsv2,4,0.241943359375,0.00047440330187479657,0.2164364974383464,0.1020018435274267
final_eval,ir_ps,parti_00300,"a portrait of a statue of the Egyptian god Anubis wearing aviator goggles, white t-shirt and leather jacket. The city of Los Angeles is in the background.",imagereward,4,0.2686186358332634,0.12032819040926834,0.34036416467728553,0.043718509897968806
final_eval,ir_ps,parti_00300,"a portrait of a statue of the Egyptian god Anubis wearing aviator goggles, white t-shirt and leather jacket. The city of Los Angeles is in the background.",pickscore,4,19.970705032348633,0.015873244345129933,-0.41299355183207714,0.003281082593795472
final_eval,ir_ps,parti_00308,"a portrait of a statue of the Egyptian god Anubis wearing aviator goggles, white t-shirt and leather jacket. the skyline of Los Angeles at night can be seen in the background.",hpsv2,4,0.2135009765625,0.0005885859330495199,-0.20062119539028192,0.1265523448258089
final_eval,ir_ps,parti_00308,"a portrait of a statue of the Egyptian god Anubis wearing aviator goggles, white t-shirt and leather jacket. the skyline of Los Angeles at night can be seen in the background.",imagereward,4,0.46043268125504255,1.103652695649638,0.4559832122832644,0.4009870931704977
final_eval,ir_ps,parti_00308,"a portrait of a statue of the Egyptian god Anubis wearing aviator goggles, white t-shirt and leather jacket. the skyline of Los Angeles at night can be seen in the background.",pickscore,4,19.799556732177734,0.5808299247122098,-0.49080586405946286,0.12006058210232674
final_eval,ir_ps,parti_00422,"a young badger delicately sniffing a yellow rose, richly textured oil painting",hpsv2,4,0.2674560546875,0.0006950894991556803,0.5905354579584465,0.14945176403756766
final_eval,ir_ps,parti_00422,"a young badger delicately sniffing a yellow rose, richly textured oil painting",imagereward,4,0.7791989147663116,2.97229339016204,0.6481247639953753,1.0799151683033819
final_eval,ir_ps,parti_00422,"a young badger delicately sniffing a yellow rose, richly textured oil painting",pickscore,4,22.182294368743896,0.9954770525713078,0.5925021486248219,0.2057703112670002
final_eval,ir_ps,parti_00555,the Taj Mahal at sunrise,hpsv2,4,0.196533203125,0.006149262189865112,-0.4494238533438413,1.3221579133639356
final_eval,ir_ps,parti_00555,the Taj Mahal at sunrise,imagereward,4,-0.848834824282676,2.984274286963911,-0.3331991529542028,1.084268154529117
final_eval,ir_ps,parti_00555,the Taj Mahal at sunrise,pickscore,4,19.185681343078613,10.897906127197833,-0.7699033683735075,2.2526541723486044
final_eval,ir_ps,parti_00674,an elder politician giving a campaign speech,hpsv2,4,0.18353271484375,0.0015373080968856812,-0.6400532279629354,0.33053787638553117
final_eval,ir_ps,parti_00674,an elder politician giving a campaign speech,imagereward,4,-1.1949492990970612,0.672638780031703,-0.5418253036236629,0.2443879947213817
final_eval,ir_ps,parti_00674,an elder politician giving a campaign speech,pickscore,4,20.13446283340454,2.129773256168543,-0.33854131869444926,0.4402352668180079
final_eval,ir_ps,parti_00708,A shiny robot wearing a race car suit and black visor stands proudly in front of an F1 race car. The sun is setting on a cityscape in the background. comic book illustration.,hpsv2,4,0.268798828125,0.00020166238149007162,0.6102248769331886,0.04335959425414641
final_eval,ir_ps,parti_00708,A shiny robot wearing a race car suit and black visor stands proudly in front of an F1 race car. The sun is setting on a cityscape in the background. comic book illustration.,imagereward,4,0.6597345732152462,0.275964323979235,0.5761156816435715,0.10026535750547749
final_eval,ir_ps,parti_00708,A shiny robot wearing a race car suit and black visor stands proudly in front of an F1 race car. The sun is setting on a cityscape in the background. comic book illustration.,pickscore,4,21.296949863433838,0.024015781586967933,0.1899816269065428,0.004964187612066227
final_eval,ir_ps,parti_00861,The trophy doesn't fit into the brown suitcase because it's too small,hpsv2,4,0.206268310546875,0.0005110539495944977,-0.306675565776961,0.10988212939202723
final_eval,ir_ps,parti_00861,The trophy doesn't fit into the brown suitcase because it's too small,imagereward,4,-1.71377532184124,0.5299906232277592,-0.8545561596513146,0.19256003292831655
final_eval,ir_ps,parti_00861,The trophy doesn't fit into the brown suitcase because it's too small,pickscore,4,20.462770462036133,0.9249390926052001,-0.18927675877650116,0.19118974615917175
final_eval,ir_ps,parti_00973,a view of the Milllenium Wheel from the Thames,hpsv2,4,0.194061279296875,0.0022404628495375314,-0.48567028372916204,0.4817237572006894
final_eval,ir_ps,parti_00973,a view of the Milllenium Wheel from the Thames,imagereward,4,-1.1130369752645493,1.3795817511997759,-0.49245131305961104,0.5012396366948014
final_eval,ir_ps,parti_00973,a view of the Milllenium Wheel from the Thames,pickscore,4,19.47300624847412,1.807617321805689,-0.6392715407303784,0.37364395090657726
final_eval,ir_ps,parti_00995,a red block to the left of a blue pyramid,hpsv2,4,0.24224853515625,0.000596130887667338,0.2209113653871514,0.128174591714283
final_eval,ir_ps,parti_00995,a red block to the left of a blue pyramid,imagereward,4,0.09658543765544891,1.4923453726811085,0.2366683457074453,0.542209732605782
final_eval,ir_ps,parti_00995,a red block to the left of a blue pyramid,pickscore,4,20.12480401992798,0.21486040974165613,-0.3429326834303764,0.044412770015438224
final_eval,no_rl,parti_00233,the Great Wall,hpsv2,4,0.1805419921875,0.00016416112581888834,-0.6839069338612247,0.0352964184753581
final_eval,no_rl,parti_00233,the Great Wall,imagereward,4,-2.1065244376659393,0.11139875044785086,-1.091292101588683,0.04047420107882381
final_eval,no_rl,parti_00233,the Great Wall,pickscore,4,17.97039222717285,0.08563642457253688,-1.3224327013495074,0.017701496678972053
final_eval,no_rl,parti_00300,"a portrait of a statue of the Egyptian god Anubis wearing aviator goggles, white t-shirt and leather jacket. The city of Los Angeles is in the background.",hpsv2,4,0.221282958984375,0.0004650490979353587,-0.08651206269575379,0.09999058845651237
final_eval,no_rl,parti_00300,"a portrait of a statue of the Egyptian god Anubis wearing aviator goggles, white t-shirt and leather jacket. The city of Los Angeles is in the background.",imagereward,4,-0.05716680362820625,0.29187382227692743,0.14399167197684448,0.10604571168876298
final_eval,no_rl,parti_00300,"a portrait of a statue of the Egyptian god Anubis wearing aviator goggles, white t-shirt and leather jacket. The city of Los Angeles is in the background.",pickscore,4,19.711190700531006,0.1251702114565584,-0.5309813448438141,0.025873337116354377
final_eval,no_rl,parti_00308,"a portrait of a statue of the Egyptian god Anubis wearing aviator goggles, white t-shirt and leather jacket. the skyline of Los Angeles at night can be seen in the background.",hpsv2,4,0.228790283203125,0.0002732512851556142,0.023569688844849807,0.058751983221792925
final_eval,no_rl,parti_00308,"a portrait of a statue of the Egyptian god Anubis wearing aviator goggles, white t-shirt and leather jacket. the skyline of Los Angeles at night can be seen in the background.",imagereward,4,0.7887189909815788,0.6542759380378095,0.6538631453674234,0.23771627393231012
final_eval,no_rl,parti_00308,"a portrait of a statue of the Egyptian god Anubis wearing aviator goggles, white t-shirt and leather jacket. the skyline of Los Angeles at night can be seen in the background.",pickscore,4,20.003446102142334,0.0829462415576927,-0.39810787465677266,0.017145421785131114
final_eval,no_rl,parti_00422,"a young badger delicately sniffing a yellow rose, richly textured oil painting",hpsv2,4,0.2852783203125,0.0002726117769877116,0.8518677461686599,0.0586144820454328
final_eval,no_rl,parti_00422,"a young badger delicately sniffing a yellow rose, richly textured oil painting",imagereward,4,1.5727341771125793,0.5095954205095504,1.126441099342415,0.18514990011675866
final_eval,no_rl,parti_00422,"a young badger delicately sniffing a yellow rose, richly textured oil painting",pickscore,4,22.36667251586914,0.335486465174957,0.6763293904828503,0.06934680632426891
final_eval,no_rl,parti_00555,the Taj Mahal at sunrise,hpsv2,4,0.17791748046875,0.0012658188740412395,-0.7223907982209479,0.2721647556283112
final_eval,no_rl,parti_00555,the Taj Mahal at sunrise,imagereward,4,-1.3293060138821602,0.7745742623054522,-0.622811007088512,0.2814239326473282
final_eval,no_rl,parti_00555,the Taj Mahal at sunrise,pickscore,4,18.709614753723145,2.5195643421478358,-0.9863463132053557,0.5208071221750813
final_eval,no_rl,parti_00674,an elder politician giving a campaign speech,hpsv2,4,0.17291259765625,0.0014603982369105022,-0.7957786325813503,0.3140014242320533
final_eval,no_rl,parti_00674,an elder politician giving a campaign speech,imagereward,4,-1.1616392582654953,0.6137078631374289,-0.5217471326628589,0.22297678705029675
final_eval,no_rl,parti_00674,an elder politician giving a campaign speech,pickscore,4,19.706834316253662,1.0790743569532424,-0.532961968275263,0.22305031114175444
final_eval,no_rl,parti_00708,A shiny robot wearing a race car suit and black visor stands proudly in front of an F1 race car. The sun is setting on a cityscape in the background. comic book illustration.,hpsv2,4,0.255615234375,0.00048425793647766113,0.41691058154481153,0.10412069660625001
final_eval,no_rl,parti_00708,A shiny robot wearing a race car suit and black visor stands proudly in front of an F1 race car. The sun is setting on a cityscape in the background. comic book illustration.,imagereward,4,0.6801950708031654,0.2876546850142682,0.5884485806211093,0.10451278417151967
final_eval,no_rl,parti_00708,A shiny robot wearing a race car suit and black visor stands proudly in front of an F1 race car. The sun is setting on a cityscape in the background. comic book illustration.,pickscore,4,20.72026300430298,0.46518819324501237,-0.07220816928373797,0.09615683161606874
final_eval,no_rl,parti_00861,The trophy doesn't fit into the brown suitcase because it's too small,hpsv2,4,0.199462890625,0.0016169051329294841,-0.40646512103531307,0.34765210047229717
final_eval,no_rl,parti_00861,The trophy doesn't fit into the brown suitcase because it's too small,imagereward,4,-1.2164806574583054,1.7428743202156511,-0.554803681416155,0.633233724866144
final_eval,no_rl,parti_00861,The trophy doesn't fit into the brown suitcase because it's too small,pickscore,4,20.416939735412598,0.5871109155280768,-0.210113628357312,0.12135889574191062
final_eval,no_rl,parti_00973,a view of the Milllenium Wheel from the Thames,hpsv2,4,0.19427490234375,0.00029966731866200763,-0.4825378761649985,0.06443171627948047
final_eval,no_rl,parti_00973,a view of the Milllenium Wheel from the Thames,imagereward,4,-1.0104953590780497,1.860877970688237,-0.4306426797168789,0.6761076660733977
final_eval,no_rl,parti_00973,a view of the Milllenium Wheel from the Thames,pickscore,4,19.821380138397217,0.5128079234718825,-0.48088388588661635,0.10600007881691949
final_eval,no_rl,parti_00995,a red block to the left of a blue pyramid,hpsv2,4,0.228851318359375,0.0016466515759627025,0.02446466243461083,0.3540479076173591
final_eval,no_rl,parti_00995,a red block to the left of a blue pyramid,imagereward,4,-1.0334525629878044,1.2904235370469197,-0.4444805091933679,0.4688460283917995
final_eval,no_rl,parti_00995,a red block to the left of a blue pyramid,pickscore,4,19.531468391418457,0.8862298612984887,-0.6126918170888096,0.1831883456705173
final_eval,pickscore,parti_00233,the Great Wall,hpsv2,4,0.195343017578125,0.0010329919556776683,-0.4668758383441809,0.2221044487079313
final_eval,pickscore,parti_00233,the Great Wall,imagereward,4,-1.5543056279420853,2.0562698488074256,-0.7584331980084664,0.7470988588145336
final_eval,pickscore,parti_00233,the Great Wall,pickscore,4,18.51235866546631,1.2436241868769382,-1.0760284912513376,0.25706362127770593
final_eval,pickscore,parti_00300,"a portrait of a statue of the Egyptian god Anubis wearing aviator goggles, white t-shirt and leather jacket. The city of Los Angeles is in the background.",hpsv2,4,0.24237060546875,0.00028440852959950763,0.22270131256667342,0.061150911512270166
final_eval,pickscore,parti_00300,"a portrait of a statue of the Egyptian god Anubis wearing aviator goggles, white t-shirt and leather jacket. The city of Los Angeles is in the background.",imagereward,4,0.15670003986451775,0.014470764973127754,0.2729034036738295,0.005257623168412055
final_eval,pickscore,parti_00300,"a portrait of a statue of the Egyptian god Anubis wearing aviator goggles, white t-shirt and leather jacket. The city of Los Angeles is in the background.",pickscore,4,20.09769868850708,0.05091267196833845,-0.3552560807965417,0.010523915474796185
final_eval,pickscore,parti_00308,"a portrait of a statue of the Egyptian god Anubis wearing aviator goggles, white t-shirt and leather jacket. the skyline of Los Angeles at night can be seen in the background.",hpsv2,4,0.20904541015625,0.00034573177496592206,-0.2659542674428353,0.07433607285861726
final_eval,pickscore,parti_00308,"a portrait of a statue of the Egyptian god Anubis wearing aviator goggles, white t-shirt and leather jacket. the skyline of Los Angeles at night can be seen in the background.",imagereward,4,0.6974295470863581,0.681426715581368,0.5988369425863083,0.24758089113247198
final_eval,pickscore,parti_00308,"a portrait of a statue of the Egyptian god Anubis wearing aviator goggles, white t-shirt and leather jacket. the skyline of Los Angeles at night can be seen in the background.",pickscore,4,19.748809814453125,0.6168889832939991,-0.5138778723857027,0.1275141780332468
final_eval,pickscore,parti_00422,"a young badger delicately sniffing a yellow rose, richly textured oil painting",hpsv2,4,0.2857666015625,0.0006183981895446777,0.859027534886748,0.13296230257737016
final_eval,pickscore,parti_00422,"a young badger delicately sniffing a yellow rose, richly textured oil painting",imagereward,4,1.0959772765636444,2.154252511451928,0.8390680935761361,0.7826986296752366
final_eval,pickscore,parti_00422,"a young badger delicately sniffing a yellow rose, richly textured oil painting",pickscore,4,22.71884536743164,0.49755772390199127,0.8364442374104952,0.1028477828355356
final_eval,pickscore,parti_00555,the Taj Mahal at sunrise,hpsv2,4,0.2003021240234375,0.006388377087811629,-0.3941592341760993,1.373570203938284
final_eval,pickscore,parti_00555,the Taj Mahal at sunrise,imagereward,4,-0.760323740541935,3.228747934809459,-0.279847652118198,1.173092091436797
final_eval,pickscore,parti_00555,the Taj Mahal at sunrise,pickscore,4,19.28782320022583,10.675592542993096,-0.7234647296497342,2.2067007922053548
final_eval,pickscore,parti_00674,an elder politician giving a campaign speech,hpsv2,4,0.1829833984375,0.0009861191113789876,-0.6481079902707845,0.2120262799621723
final_eval,pickscore,parti_00674,an elder politician giving a campaign speech,imagereward,4,-1.2906897515058517,0.4865515311498081,-0.5995344244574862,0.17677742728528842
final_eval,pickscore,parti_00674,an elder politician giving a campaign speech,pickscore,4,19.84195566177368,1.3266122651775731,-0.47152925573479676,0.27421769093633197
final_eval,pickscore,parti_00708,A shiny robot wearing a race car suit and black visor stands proudly in front of an F1 race car. The sun is setting on a cityscape in the background. comic book illustration.,hpsv2,4,0.2647705078125,0.00012201070785522461,0.5511566200089623,0.02623362249406039
final_eval,pickscore,parti_00708,A shiny robot wearing a race car suit and black visor stands proudly in front of an F1 race car. The sun is setting on a cityscape in the background. comic book illustration.,imagereward,4,0.30925626307725906,0.17674943816324432,0.3648591579849241,0.06421788639484959
final_eval,pickscore,parti_00708,A shiny robot wearing a race car suit and black visor stands proudly in front of an F1 race car. The sun is setting on a cityscape in the background. comic book illustration.,pickscore,4,21.061706066131592,0.0814150722226259,0.08302839519486306,0.01682892107839423
final_eval,pickscore,parti_00861,The trophy doesn't fit into the brown suitcase because it's too small,hpsv2,4,0.19793701171875,0.0006468147039413452,-0.4288394607793382,0.13907216067411823
final_eval,pickscore,parti_00861,The trophy doesn't fit into the brown suitcase because it's too small,imagereward,4,-1.4927043914794922,1.5905900972164015,-0.7213020469736474,0.5779047176912435
final_eval,pickscore,parti_00861,The trophy doesn't fit into the brown suitcase because it's too small,pickscore,4,20.40412664413452,0.659260902651719,-0.2159390806588078,0.13627267529111675
final_eval,pickscore,parti_00973,a view of the Milllenium Wheel from the Thames,hpsv2,4,0.190826416015625,0.003705753634373347,-0.5331038839864953,0.7967771321800416
final_eval,pickscore,parti_00973,a view of the Milllenium Wheel from the Thames,imagereward,4,-1.1477783769369125,2.256684322767238,-0.5133922601368855,0.8199148974643876
final_eval,pickscore,parti_00973,a view of the Milllenium Wheel from the Thames,pickscore,4,19.24773406982422,2.800633499813557,-0.7416911913126294,0.5789055865355003
final_eval,pickscore,parti_00995,a red block to the left of a blue pyramid,hpsv2,4,0.237884521484375,0.0004288492103417714,0.15692075371923955,0.09220722089680256
final_eval,pickscore,parti_00995,a red block to the left of a blue pyramid,imagereward,4,-0.2750460458919406,1.5533804947964203,0.012661401410614948,0.5643854553624043
final_eval,pickscore,parti_00995,a red block to the left of a blue pyramid,pickscore,4,19.95035219192505,0.48982820275311195,-0.4222469395208399,0.1012500504029883
train_rollouts,imagereward,parti_00233,the Great Wall,hpsv2,40,0.185369873046875,0.0003413274884223938,-0.6131145229111292,0.07338910359198791
train_rollouts,imagereward,parti_00233,the Great Wall,imagereward,40,-1.8336664064321666,0.8848435047793566,-0.9268224683377844,0.32148775270595326
train_rollouts,imagereward,parti_00233,the Great Wall,pickscore,40,18.14780697822571,0.32369605641629395,-1.2417713568378537,0.06690966719186135
train_rollouts,imagereward,parti_00300,"a portrait of a statue of the Egyptian god Anubis wearing aviator goggles, white t-shirt and leather jacket. The city of Los Angeles is in the background.",hpsv2,40,0.22215728759765624,0.0013681145599828317,-0.07369156602242741,0.2941594350702744
train_rollouts,imagereward,parti_00300,"a portrait of a statue of the Egyptian god Anubis wearing aviator goggles, white t-shirt and leather jacket. The city of Los Angeles is in the background.",imagereward,40,0.04505036338232458,1.2355458346472938,0.20560473828151338,0.44890746397580034
train_rollouts,imagereward,parti_00300,"a portrait of a statue of the Egyptian god Anubis wearing aviator goggles, white t-shirt and leather jacket. The city of Los Angeles is in the background.",pickscore,40,19.520739603042603,1.1608701484161776,-0.6175696442719597,0.23995792887757686
train_rollouts,imagereward,parti_00308,"a portrait of a statue of the Egyptian god Anubis wearing aviator goggles, white t-shirt and leather jacket. the skyline of Los Angeles at night can be seen in the background.",hpsv2,40,0.2337310791015625,0.00066207233720865,0.09601780093600318,0.14235271693285442
train_rollouts,imagereward,parti_00308,"a portrait of a statue of the Egyptian god Anubis wearing aviator goggles, white t-shirt and leather jacket. the skyline of Los Angeles at night can be seen in the background.",imagereward,40,0.3059425847721286,0.7912328000348524,0.3628617842844251,0.2874764332636124
train_rollouts,imagereward,parti_00308,"a portrait of a statue of the Egyptian god Anubis wearing aviator goggles, white t-shirt and leather jacket. the skyline of Los Angeles at night can be seen in the background.",pickscore,40,19.904827308654784,0.4066742453298409,-0.44294475789007776,0.08406169266247304
train_rollouts,imagereward,parti_00422,"a young badger delicately sniffing a yellow rose, richly textured oil painting",hpsv2,40,0.2793609619140625,0.0012852755781167593,0.7651000566413305,0.276348157549899
train_rollouts,imagereward,parti_00422,"a young badger delicately sniffing a yellow rose, richly textured oil painting",imagereward,40,1.5019046880304814,0.7517993665110383,1.0837474683724673,0.2731491925068282
train_rollouts,imagereward,parti_00422,"a young badger delicately sniffing a yellow rose, richly textured oil painting",pickscore,40,22.33805890083313,1.1051652335489215,0.6633202542839337,0.22844343174102333
train_rollouts,imagereward,parti_00555,the Taj Mahal at sunrise,hpsv2,40,0.196185302734375,0.0023548895731950415,-0.4545252028054791,0.50632674102425
train_rollouts,imagereward,parti_00555,the Taj Mahal at sunrise,imagereward,40,-0.7697128993459046,1.7555941199566807,-0.28550712088311153,0.6378551746609674
train_rollouts,imagereward,parti_00555,the Taj Mahal at sunrise,pickscore,40,19.187187027931213,3.443499039208216,-0.7692188110641472,0.7117892545240109
train_rollouts,imagereward,parti_00674,an elder politician giving a campaign speech,hpsv2,40,0.15460357666015626,0.001417767063069802,-1.0642483351699077,0.3048352605348259
train_rollouts,imagereward,parti_00674,an elder politician giving a campaign speech,imagereward,40,-1.5995008692145347,0.641680562227535,-0.7856753675834465,0.23314003074144013
train_rollouts,imagereward,parti_00674,an elder politician giving a campaign speech,pickscore,40,19.165877199172975,1.168505813420665,-0.7789072920317791,0.24153626075438453
train_rollouts,imagereward,parti_00708,A shiny robot wearing a race car suit and black visor stands proudly in front of an F1 race car. The sun is setting on a cityscape in the background. comic book illustration.,hpsv2,40,0.252984619140625,0.0003524552171046917,0.37833721982611224,0.07578168567432546
train_rollouts,imagereward,parti_00708,A shiny robot wearing a race car suit and black visor stands proudly in front of an F1 race car. The sun is setting on a cityscape in the background. comic book illustration.,imagereward,40,0.22714791434118525,0.2756499295436174,0.315367010209772,0.10015112944139158
train_rollouts,imagereward,parti_00708,A shiny robot wearing a race car suit and black visor stands proudly in front of an F1 race car. The sun is setting on a cityscape in the background. comic book illustration.,pickscore,40,20.614867448806763,0.21770419782799366,-0.12012609697253888,0.045000595880626756
train_rollouts,imagereward,parti_00861,The trophy doesn't fit into the brown suitcase because it's too small,hpsv2,40,0.184686279296875,0.0008933696609276993,-0.6231382271164524,0.1920841444525759
train_rollouts,imagereward,parti_00861,The trophy doesn't fit into the brown suitcase because it's too small,imagereward,40,-1.8140713416039944,0.463631734646806,-0.9150112230860147,0.16845004076956174
train_rollouts,imagereward,parti_00861,The trophy doesn't fit into the brown suitcase because it's too small,pickscore,40,19.89967918395996,0.5823891101215103,-0.4452853448882494,0.12038287387807992
train_rollouts,imagereward,parti_00973,a view of the Milllenium Wheel from the Thames,hpsv2,40,0.197149658203125,0.001726976533730825,-0.4403846200872552,0.3713186427518577
train_rollouts,imagereward,parti_00973,a view of the Milllenium Wheel from the Thames,imagereward,40,-0.8138536369195208,1.9218779276773854,-0.31211367113684746,0.6982706123816166
train_rollouts,imagereward,parti_00973,a view of the Milllenium Wheel from the Thames,pickscore,40,19.625499963760376,1.350608389419076,-0.5699405069151459,0.279177815272319
train_rollouts,imagereward,parti_00995,a red block to the left of a blue pyramid,hpsv2,40,0.240997314453125,0.0004664565890263288,0.20256440679705082,0.10029321427184719
train_rollouts,imagereward,parti_00995,a red block to the left of a blue pyramid,imagereward,40,-0.3015811502933502,0.9294016987787637,-0.003333066003228832,0.33767695856679913
train_rollouts,imagereward,parti_00995,a red block to the left of a blue pyramid,pickscore,40,20.280755472183227,0.6308823021814183,-0.272029594804416,0.13040667020640656
train_rollouts,ir_ps,parti_00233,the Great Wall,hpsv2,40,0.1876678466796875,0.00027665166327586543,-0.5794187672566273,0.059483101313899896
train_rollouts,ir_ps,parti_00233,the Great Wall,imagereward,40,-1.8376691857352854,0.8414946322412968,-0.929235208915701,0.30573792627978463
train_rollouts,ir_ps,parti_00233,the Great Wall,pickscore,40,18.202071619033813,0.3520536603486643,-1.2171000211059126,0.07277133218240837
train_rollouts,ir_ps,parti_00300,"a portrait of a statue of the Egyptian god Anubis wearing aviator goggles, white t-shirt and leather jacket. The city of Los Angeles is in the background.",hpsv2,40,0.222857666015625,0.0011712614924479757,-0.06342174407991988,0.25183389535916234
train_rollouts,ir_ps,parti_00300,"a portrait of a statue of the Egyptian god Anubis wearing aviator goggles, white t-shirt and leather jacket. The city of Los Angeles is in the background.",imagereward,40,0.0020450365263968706,1.1443983129114321,0.17968257537559712,0.41579108602952575
train_rollouts,ir_ps,parti_00300,"a portrait of a statue of the Egyptian god Anubis wearing aviator goggles, white t-shirt and leather jacket. The city of Los Angeles is in the background.",pickscore,40,19.56108636856079,0.9878864200902078,-0.5992260491983802,0.20420128784821334
train_rollouts,ir_ps,parti_00308,"a portrait of a statue of the Egyptian god Anubis wearing aviator goggles, white t-shirt and leather jacket. the skyline of Los Angeles at night can be seen in the background.",hpsv2,40,0.2362396240234375,0.0005663167112148726,0.13280121547518048,0.1217642211511243
train_rollouts,ir_ps,parti_00308,"a portrait of a statue of the Egyptian god Anubis wearing aviator goggles, white t-shirt and leather jacket. the skyline of Los Angeles at night can be seen in the background.",imagereward,40,0.3530191940255463,0.785109063113763,0.39123797912683345,0.28525151279994865
train_rollouts,ir_ps,parti_00308,"a portrait of a statue of the Egyptian god Anubis wearing aviator goggles, white t-shirt and leather jacket. the skyline of Los Angeles at night can be seen in the background.",pickscore,40,20.060592365264892,0.405289861187143,-0.3721264137583548,0.08377553322241336
train_rollouts,ir_ps,parti_00422,"a young badger delicately sniffing a yellow rose, richly textured oil painting",hpsv2,40,0.2802093505859375,0.001205519214272499,0.7775401895390084,0.2591996762619129
train_rollouts,ir_ps,parti_00422,"a young badger delicately sniffing a yellow rose, richly textured oil painting",imagereward,40,1.4537571005523204,0.983171961428744,1.0547257239193448,0.3572131599497334
train_rollouts,ir_ps,parti_00422,"a young badger delicately sniffing a yellow rose, richly textured oil painting",pickscore,40,22.356048774719238,1.0159204501642634,0.671499322859896,0.2099960684305549
train_rollouts,ir_ps,parti_00555,the Taj Mahal at sunrise,hpsv2,40,0.20104827880859374,0.002041897423660908,-0.38321818204127095,0.43903004191628436
train_rollouts,ir_ps,parti_00555,the Taj Mahal at sunrise,imagereward,40,-0.661158287525177,1.7058127516248716,-0.22007405624829318,0.6197682472606115
train_rollouts,ir_ps,parti_00555,the Taj Mahal at sunrise,pickscore,40,19.32061061859131,3.2268244184847643,-0.7085579801673438,0.6670014776136738
train_rollouts,ir_ps,parti_00674,an elder politician giving a campaign speech,hpsv2,40,0.15267333984375,0.0014429176082977882,-1.0925518749460994,0.31024289991852383
train_rollouts,ir_ps,parti_00674,an elder politician giving a campaign speech,imagereward,40,-1.580552274826914,0.7079879820680086,-0.7742537929445752,0.25723132290452116
train_rollouts,ir_ps,parti_00674,an elder politician giving a campaign speech,pickscore,40,19.17358031272888,1.2273937561130204,-0.7754050832658327,0.25370870638372384
train_rollouts,ir_ps,parti_00708,A shiny robot wearing a race car suit and black visor stands proudly in front of an F1 race car. The sun is setting on a cityscape in the background. comic book illustration.,hpsv2,40,0.251300048828125,0.00031061627161808506,0.35363594874870846,0.06678585964610843
train_rollouts,ir_ps,parti_00708,A shiny robot wearing a race car suit and black visor stands proudly in front of an F1 race car. The sun is setting on a cityscape in the background. comic book illustration.,imagereward,40,0.21435849647969007,0.27757304344729167,0.3076579797822584,0.10084984911752683
train_rollouts,ir_ps,parti_00708,A shiny robot wearing a race car suit and black visor stands proudly in front of an F1 race car. The sun is setting on a cityscape in the background. comic book illustration.,pickscore,40,20.563234901428224,0.22348703926907498,-0.1436007554628801,0.04619593944004424
train_rollouts,ir_ps,parti_00861,The trophy doesn't fit into the brown suitcase because it's too small,hpsv2,40,0.1838226318359375,0.0008116495819428029,-0.6358021034115706,0.1745134431595519
train_rollouts,ir_ps,parti_00861,The trophy doesn't fit into the brown suitcase because it's too small,imagereward,40,-1.7697043590247632,0.5263947046697054,-0.8882682999612657,0.19125353774595022
train_rollouts,ir_ps,parti_00861,The trophy doesn't fit into the brown suitcase because it's too small,pickscore,40,19.878596353530884,0.4942532753312895,-0.45487062141361523,0.10216473603982819
train_rollouts,ir_ps,parti_00973,a view of the Milllenium Wheel from the Thames,hpsv2,40,0.19863128662109375,0.0017840487237733144,-0.4186591361958068,0.3835897812019396
train_rollouts,ir_ps,parti_00973,a view of the Milllenium Wheel from the Thames,imagereward,40,-0.7792255541076883,1.953076448290404,-0.29124102885290315,0.7096058849190252
train_rollouts,ir_ps,parti_00973,a view of the Milllenium Wheel from the Thames,pickscore,40,19.727024793624878,1.386364873566902,-0.5237823986992857,0.2865688674858352
train_rollouts,ir_ps,parti_00995,a red block to the left of a blue pyramid,hpsv2,40,0.240252685546875,0.0004663150662030929,0.19164572900196655,0.1002627853334013
train_rollouts,ir_ps,parti_00995,a red block to the left of a blue pyramid,imagereward,40,-0.25530443219467996,0.7956566559571812,0.024560981385915635,0.2890837406474407
train_rollouts,ir_ps,parti_00995,a red block to the left of a blue pyramid,pickscore,40,20.31654782295227,0.6134816859082932,-0.2557566574126227,0.1268098718497693
train_rollouts,pickscore,parti_00233,the Great Wall,hpsv2,40,0.1853759765625,0.00027514634988246825,-0.613025025552153,0.05915944264498624
train_rollouts,pickscore,parti_00233,the Great Wall,imagereward,40,-1.8348591485992074,0.6967288097465542,-0.9275414131527455,0.2531405588457895
train_rollouts,pickscore,parti_00233,the Great Wall,pickscore,40,18.138399505615233,0.32936449482490743,-1.246048449834429,0.06808136304635183
train_rollouts,pickscore,parti_00300,"a portrait of a statue of the Egyptian god Anubis wearing aviator goggles, white t-shirt and leather jacket. The city of Los Angeles is in the background.",hpsv2,40,0.222796630859375,0.0011185954396541302,-0.06431671766968086,0.2405101240973368
train_rollouts,pickscore,parti_00300,"a portrait of a statue of the Egyptian god Anubis wearing aviator goggles, white t-shirt and leather jacket. The city of Los Angeles is in the background.",imagereward,40,0.08949703932739794,1.130583030621737,0.23239569788366912,0.41077161757852565
train_rollouts,pickscore,parti_00300,"a portrait of a statue of the Egyptian god Anubis wearing aviator goggles, white t-shirt and leather jacket. The city of Los Angeles is in the background.",pickscore,40,19.676549339294432,0.9169566994505332,-0.5467309866096406,0.1895397437609761
train_rollouts,pickscore,parti_00308,"a portrait of a statue of the Egyptian god Anubis wearing aviator goggles, white t-shirt and leather jacket. the skyline of Los Angeles at night can be seen in the background.",hpsv2,40,0.2344512939453125,0.0007362042386562396,0.10657848929518303,0.15829187794198943
train_rollouts,pickscore,parti_00308,"a portrait of a statue of the Egyptian god Anubis wearing aviator goggles, white t-shirt and leather jacket. the skyline of Los Angeles at night can be seen in the background.",imagereward,40,0.45877614365890623,0.7571087213273001,0.45498470720107587,0.275078225764098
train_rollouts,pickscore,parti_00308,"a portrait of a statue of the Egyptian god Anubis wearing aviator goggles, white t-shirt and leather jacket. the skyline of Los Angeles at night can be seen in the background.",pickscore,40,19.955748462677,0.3874659632417976,-0.41979353329831126,0.0800912403311493
train_rollouts,pickscore,parti_00422,"a young badger delicately sniffing a yellow rose, richly textured oil painting",hpsv2,40,0.282366943359375,0.0013245608179997175,0.80917750593706,0.28479490923911144
train_rollouts,pickscore,parti_00422,"a young badger delicately sniffing a yellow rose, richly textured oil painting",imagereward,40,1.4833315882831812,0.9539122727592086,1.072552229258711,0.3465823178805583
train_rollouts,pickscore,parti_00422,"a young badger delicately sniffing a yellow rose, richly textured oil painting",pickscore,40,22.360655736923217,1.0173647263919754,0.6735938711614442,0.21029460787771165
train_rollouts,pickscore,parti_00555,the Taj Mahal at sunrise,hpsv2,40,0.20185699462890624,0.002311844567362314,-0.3713597819769377,0.49707159897056824
train_rollouts,pickscore,parti_00555,the Taj Mahal at sunrise,imagereward,40,-0.7187149308621883,1.8539072326154649,-0.2547672627410158,0.6735750070149169
train_rollouts,pickscore,parti_00555,the Taj Mahal at sunrise,pickscore,40,19.34350562095642,3.5901182231563418,-0.6981488024501129,0.7420962063927568
train_rollouts,pickscore,parti_00674,an elder politician giving a campaign speech,hpsv2,40,0.1564727783203125,0.0014065787864801212,-1.036839768983477,0.30242965999719845
train_rollouts,pickscore,parti_00674,an elder politician giving a campaign speech,imagereward,40,-1.5716031257295981,0.7232626193193694,-0.7688595472143399,0.2627810147729867
train_rollouts,pickscore,parti_00674,an elder politician giving a campaign speech,pickscore,40,19.256565809249878,1.2464262492855642,-0.7376758545256786,0.2576428222271635
train_rollouts,pickscore,parti_00708,A shiny robot wearing a race car suit and black visor stands proudly in front of an F1 race car. The sun is setting on a cityscape in the background. comic book illustration.,hpsv2,40,0.25235595703125,0.00026818055372971754,0.3691189918515738,0.05766172109370508
train_rollouts,pickscore,parti_00708,A shiny robot wearing a race car suit and black visor stands proudly in front of an F1 race car. The sun is setting on a cityscape in the background. comic book illustration.,imagereward,40,0.26902722008526325,0.289339618206627,0.3406104455060911,0.10512496630603867
train_rollouts,pickscore,parti_00708,A shiny robot wearing a race car suit and black visor stands proudly in front of an F1 race car. The sun is setting on a cityscape in the background. comic book illustration.,pickscore,40,20.573687028884887,0.2933501792865079,-0.13884871174239713,0.06063701573642369
train_rollouts,pickscore,parti_00861,The trophy doesn't fit into the brown suitcase because it's too small,hpsv2,40,0.18572998046875,0.0008845398059258094,-0.6078341787315392,0.1901856300773317
train_rollouts,pickscore,parti_00861,The trophy doesn't fit into the brown suitcase because it's too small,imagereward,40,-1.6751213498413562,0.9350238362190331,-0.8312568469289978,0.3397196342730832
train_rollouts,pickscore,parti_00861,The trophy doesn't fit into the brown suitcase because it's too small,pickscore,40,19.95305380821228,0.5966031599468946,-0.42101865381861137,0.12332099229013088
train_rollouts,pickscore,parti_00973,a view of the Milllenium Wheel from the Thames,hpsv2,40,0.197100830078125,0.0017522088610208953,-0.441100598959064,0.3767438661638858
train_rollouts,pickscore,parti_00973,a view of the Milllenium Wheel from the Thames,imagereward,40,-0.8583039676537737,1.8544098198203567,-0.3389068337228526,0.673757610639362
train_rollouts,pickscore,parti_00973,a view of the Milllenium Wheel from the Thames,pickscore,40,19.655964517593382,1.3958762161587774,-0.5560898442304744,0.2885349117262745
train_rollouts,pickscore,parti_00995,a red block to the left of a blue pyramid,hpsv2,40,0.2411529541015625,0.0005065852155288061,0.2048465894509414,0.10892130321073171
train_rollouts,pickscore,parti_00995,a red block to the left of a blue pyramid,imagereward,40,-0.181660093460232,0.9110367125223586,0.06895130894157536,0.33100445870873696
train_rollouts,pickscore,parti_00995,a red block to the left of a blue pyramid,pickscore,40,20.348778581619264,0.5989441018413695,-0.241102992408546,0.12380487721850751
