asset,source,bytes,note
assets/poster/rlvr_distributional_shrinkage_poster.png,/mnt/shared-storage-user/safewt-share/sunyoubang/verl-agent-run-logs/qwen25-geometry40-20260607_180845/poster_final_40row/rlvr_distributional_shrinkage_poster.png,1113135,Final poster PNG
assets/poster/rlvr_distributional_shrinkage_poster.pdf,/mnt/shared-storage-user/safewt-share/sunyoubang/verl-agent-run-logs/qwen25-geometry40-20260607_180845/poster_final_40row/rlvr_distributional_shrinkage_poster.pdf,462021,Final poster PDF
assets/poster/rlvr_story_overview.png,/mnt/shared-storage-user/safewt-share/sunyoubang/verl-agent-run-logs/qwen25-geometry40-20260607_180845/story_assets_40row/rlvr_story_overview.png,810560,Six-panel story overview
assets/figures/geometry40/bounded_information_budget.png,/mnt/shared-storage-user/safewt-share/sunyoubang/verl-agent-run-logs/qwen25-geometry40-20260607_180845/story_assets_40row/figures/bounded_information_budget.png,89170,Bounded verifier information per source
assets/figures/geometry40/information_vs_self_gain.png,/mnt/shared-storage-user/safewt-share/sunyoubang/verl-agent-run-logs/qwen25-geometry40-20260607_180845/story_assets_40row/figures/information_vs_self_gain.png,100834,Verifier information vs self gain
assets/figures/geometry40/diag_vs_offdiag_transfer_histogram.png,/mnt/shared-storage-user/safewt-share/sunyoubang/verl-agent-run-logs/qwen25-geometry40-20260607_180845/story_assets_40row/figures/diag_vs_offdiag_transfer_histogram.png,56959,Diagonal/self transfer vs off-diagonal transfer
assets/figures/geometry40/additivity_summary_bars.png,/mnt/shared-storage-user/safewt-share/sunyoubang/verl-agent-run-logs/qwen25-geometry40-20260607_180845/story_assets_40row/figures/additivity_summary_bars.png,55649,Additivity summary bars
assets/figures/geometry40/correct_rollout_action_entropy_trajectories.png,/mnt/shared-storage-user/safewt-share/sunyoubang/verl-agent-run-logs/qwen25-geometry40-20260607_180845/story_assets_40row/figures/correct_rollout_action_entropy_trajectories.png,292323,Correct-rollout action entropy trajectories
assets/figures/geometry40/correct_rollout_support.png,/mnt/shared-storage-user/safewt-share/sunyoubang/verl-agent-run-logs/qwen25-geometry40-20260607_180845/story_assets_40row/figures/correct_rollout_support.png,91450,Support counts for correct-only entropy
assets/figures/geometry40/action_entropy_shrinkage_trajectories.png,/mnt/shared-storage-user/safewt-share/sunyoubang/verl-agent-run-logs/qwen25-geometry40-20260607_180845/story_assets_40row/figures/action_entropy_shrinkage_trajectories.png,230989,All/correct/incorrect action entropy trajectories
assets/figures/geometry40/action_entropy_shrinkage_vs_training_gain.png,/mnt/shared-storage-user/safewt-share/sunyoubang/verl-agent-run-logs/qwen25-geometry40-20260607_180845/story_assets_40row/figures/action_entropy_shrinkage_vs_training_gain.png,81882,Action entropy shrink vs training gain
assets/figures/geometry40/directed_edges.png,/mnt/shared-storage-user/safewt-share/sunyoubang/verl-agent-run-logs/qwen25-geometry40-20260607_180845/story_assets_40row/figures/directed_edges.png,529526,Directed transfer graph
assets/figures/geometry40/cluster_heatmap.png,/mnt/shared-storage-user/safewt-share/sunyoubang/verl-agent-run-logs/qwen25-geometry40-20260607_180845/story_assets_40row/figures/cluster_heatmap.png,91870,Cluster-sorted transfer heatmap
assets/figures/geometry40/seed_geometry_sharpness_embedding.png,/mnt/shared-storage-user/safewt-share/sunyoubang/verl-agent-run-logs/qwen25-geometry40-20260607_180845/story_assets_40row/figures/seed_geometry_sharpness_embedding.png,174306,Transfer fingerprint seed embedding
assets/figures/geometry40/anchor_knn_graph.png,/mnt/shared-storage-user/safewt-share/sunyoubang/verl-agent-run-logs/qwen25-geometry40-20260607_180845/story_assets_40row/figures/anchor_knn_graph.png,421065,Anchor-transfer kNN graph
assets/figures/geometry40/anchor_embedding.png,/mnt/shared-storage-user/safewt-share/sunyoubang/verl-agent-run-logs/qwen25-geometry40-20260607_180845/story_assets_40row/figures/anchor_embedding.png,108036,Anchor-transfer embedding
assets/figures/geometry40/svd_spectrum.png,/mnt/shared-storage-user/safewt-share/sunyoubang/verl-agent-run-logs/qwen25-geometry40-20260607_180845/story_assets_40row/figures/svd_spectrum.png,78343,Transfer matrix SVD spectrum
assets/figures/geometry40/geometry40_self_gain_by_problem.png,/mnt/shared-storage-user/sunyoubang/kaisen/infomation-bottleneck-rlvr-paper/figures/dapo17k/geometry40/geometry40_self_gain_by_problem.png,88058,Per-problem self gain
assets/figures/geometry40/geometry40_pass_rate_before_after_by_problem.png,/mnt/shared-storage-user/sunyoubang/kaisen/infomation-bottleneck-rlvr-paper/figures/dapo17k/geometry40/geometry40_pass_rate_before_after_by_problem.png,171041,Per-problem before/after pass rate
assets/figures/geometry40/geometry40_transfer_in_out_by_problem.png,/mnt/shared-storage-user/sunyoubang/kaisen/infomation-bottleneck-rlvr-paper/figures/dapo17k/geometry40/geometry40_transfer_in_out_by_problem.png,115610,TransferIn/TransferOut bars
assets/figures/geometry40/geometry40_info_budget_vs_self_gain.png,/mnt/shared-storage-user/sunyoubang/kaisen/infomation-bottleneck-rlvr-paper/figures/dapo17k/geometry40/geometry40_info_budget_vs_self_gain.png,100849,Information budget vs per-problem self gain
assets/figures/dapo17k_sweep/H_heatmap.png,/mnt/shared-storage-user/safewt-share/sunyoubang/verl-agent-run-logs/dapo17k_infogain_dashboard_latest/H_heatmap.png,104813,Dapo17k H heatmap
assets/figures/dapo17k_sweep/action_entropy_per_token_heatmap.png,/mnt/shared-storage-user/safewt-share/sunyoubang/verl-agent-run-logs/dapo17k_infogain_dashboard_latest/action_entropy_per_token_heatmap.png,107104,Dapo17k action entropy heatmap
assets/figures/dapo17k_sweep/completed_problem_H_p_action_entropy_subplots_latest.png,/mnt/shared-storage-user/safewt-share/sunyoubang/verl-agent-run-logs/dapo17k_infogain_dashboard_latest/completed_problem_H_p_action_entropy_subplots_latest.png,2354250,Completed problem H/p/action entropy subplots
assets/figures/dapo17k_sweep/initial_final_relationships.png,/mnt/shared-storage-user/safewt-share/sunyoubang/verl-agent-run-logs/dapo17k_infogain_dashboard_latest/initial_final_relationships.png,129978,Initial/final relationships
assets/figures/dapo17k_sweep/sweep_curves.png,/mnt/shared-storage-user/safewt-share/sunyoubang/verl-agent-run-logs/dapo17k_infogain_dashboard_latest/sweep_curves.png,239960,Dapo17k sweep curves
assets/figures/dapo17k_sweep/valid_subplots_overview_latest.png,/mnt/shared-storage-user/safewt-share/sunyoubang/verl-agent-run-logs/dapo17k_infogain_dashboard_latest/valid_subplots_overview_latest.png,6075337,Valid subplots overview
assets/figures/pair10/pair_Hdmaxp_cumulative_dynamics_20260527.png,/mnt/shared-storage-user/safewt-share/sunyoubang/verl-agent-run-logs/dapo17k_infogain_dashboard_latest/pair_Hdmaxp_cumulative_dynamics_20260527.png,184066,Pair cumulative dynamics
assets/figures/pair10/pair_Hdmaxp_subadditivity_bar_20260527.png,/mnt/shared-storage-user/safewt-share/sunyoubang/verl-agent-run-logs/dapo17k_infogain_dashboard_latest/pair_Hdmaxp_subadditivity_bar_20260527.png,87687,Pair subadditivity bar
assets/figures/pair10/pair_Hdp_per_question_delta_20260527.png,/mnt/shared-storage-user/safewt-share/sunyoubang/verl-agent-run-logs/dapo17k_infogain_dashboard_latest/pair_Hdp_per_question_delta_20260527.png,79282,Per-question pair delta
assets/figures/pair10/pair_Hsum_Hdp_dynamics_20260527.png,/mnt/shared-storage-user/safewt-share/sunyoubang/verl-agent-run-logs/dapo17k_infogain_dashboard_latest/pair_Hsum_Hdp_dynamics_20260527.png,596683,Pair Hsum/Hdp dynamics
assets/figures/pair10/pair10_dynamics_overview.png,/mnt/shared-storage-user/safewt-share/sunyoubang/verl-agent-run-logs/dapo17k_infogain_dashboard_latest/paper_assets_pair10_20260527/figures/pair10_dynamics_overview.png,735225,Pair10 paper overview
assets/figures/pair10/pair10_Hdmaxp_bar.png,/mnt/shared-storage-user/safewt-share/sunyoubang/verl-agent-run-logs/dapo17k_infogain_dashboard_latest/paper_assets_pair10_20260527/figures/pair10_Hdmaxp_bar.png,96400,Pair10 Hdmaxp bar
assets/figures/pair10/pair10_var_endpoint_bar.png,/mnt/shared-storage-user/safewt-share/sunyoubang/verl-agent-run-logs/dapo17k_infogain_dashboard_latest/paper_assets_pair10_20260527/figures/pair10_var_endpoint_bar.png,103454,Pair10 variance endpoint bar
assets/figures/dapo200/H_heatmap.png,/mnt/shared-storage-user/safewt-share/sunyoubang/verl-agent-run-logs/dapo200-lr6e6-r32-s50-combined-20260526/final_044405/H_heatmap.png,69616,Dapo200 final H heatmap
assets/figures/dapo200/action_entropy_per_token_heatmap.png,/mnt/shared-storage-user/safewt-share/sunyoubang/verl-agent-run-logs/dapo200-lr6e6-r32-s50-combined-20260526/final_044405/action_entropy_per_token_heatmap.png,79676,Dapo200 final action entropy heatmap
assets/figures/dapo200/p_small_multiples.png,/mnt/shared-storage-user/safewt-share/sunyoubang/verl-agent-run-logs/dapo200-lr6e6-r32-s50-combined-20260526/final_044405/p_small_multiples.png,413853,Dapo200 pass-rate small multiples
assets/figures/dapo200/initial_final_relationships.png,/mnt/shared-storage-user/safewt-share/sunyoubang/verl-agent-run-logs/dapo200-lr6e6-r32-s50-combined-20260526/final_044405/initial_final_relationships.png,111706,Dapo200 initial/final relationships
assets/figures/dapo200/sweep_curves.png,/mnt/shared-storage-user/safewt-share/sunyoubang/verl-agent-run-logs/dapo200-lr6e6-r32-s50-combined-20260526/final_044405/sweep_curves.png,232019,Dapo200 sweep curves
assets/figures/transfer_matrix8/delta_p_common_baseline.png,/mnt/shared-storage-user/safewt-share/sunyoubang/verl-agent-run-logs/transfer-matrix8-20260603-173013/analysis/delta_p_common_baseline.png,129635,8x8 common-baseline transfer matrix
assets/figures/transfer_matrix8/positive_delta_p_common_baseline.png,/mnt/shared-storage-user/safewt-share/sunyoubang/verl-agent-run-logs/transfer-matrix8-20260603-173013/analysis/positive_delta_p_common_baseline.png,106686,8x8 positive transfer matrix
assets/figures/transfer_matrix8/self_normalized_delta_p_common_baseline.png,/mnt/shared-storage-user/safewt-share/sunyoubang/verl-agent-run-logs/transfer-matrix8-20260603-173013/analysis/self_normalized_delta_p_common_baseline.png,129437,8x8 self-normalized transfer matrix
assets/figures/transfer_matrix8/info_weighted_positive_common.png,/mnt/shared-storage-user/safewt-share/sunyoubang/verl-agent-run-logs/transfer-matrix8-20260603-173013/analysis/info_weighted_positive_common.png,95892,8x8 information-weighted transfer matrix
assets/figures/perstep_transfer/perstep_cos_bar.png,/mnt/shared-storage-user/safewt-share/sunyoubang/verl-agent-run-logs/perstep-transfer-20260603-185621/analysis/perstep_cos_bar.png,87715,Per-step alignment cosine bar
assets/figures/perstep_transfer/perstep_transfer_ratio_bar.png,/mnt/shared-storage-user/safewt-share/sunyoubang/verl-agent-run-logs/perstep-transfer-20260603-185621/analysis/perstep_transfer_ratio_bar.png,98396,Per-step transfer ratio bar
assets/tables/geometry40/story_numbers.csv,/mnt/shared-storage-user/safewt-share/sunyoubang/verl-agent-run-logs/qwen25-geometry40-20260607_180845/story_assets_40row/tables/story_numbers.csv,1763,Geometry40 table: story_numbers.csv
assets/tables/geometry40/bounded_information_by_source.csv,/mnt/shared-storage-user/safewt-share/sunyoubang/verl-agent-run-logs/qwen25-geometry40-20260607_180845/story_assets_40row/tables/bounded_information_by_source.csv,21762,Geometry40 table: bounded_information_by_source.csv
assets/tables/geometry40/action_entropy_by_step.csv,/mnt/shared-storage-user/safewt-share/sunyoubang/verl-agent-run-logs/qwen25-geometry40-20260607_180845/story_assets_40row/tables/action_entropy_by_step.csv,101198,Geometry40 table: action_entropy_by_step.csv
assets/tables/geometry40/additivity_summary.csv,/mnt/shared-storage-user/safewt-share/sunyoubang/verl-agent-run-logs/qwen25-geometry40-20260607_180845/story_assets_40row/tables/additivity_summary.csv,350,Geometry40 table: additivity_summary.csv
assets/tables/geometry40/top_transfer_edges.csv,/mnt/shared-storage-user/safewt-share/sunyoubang/verl-agent-run-logs/qwen25-geometry40-20260607_180845/story_assets_40row/tables/top_transfer_edges.csv,29274,Geometry40 table: top_transfer_edges.csv
assets/tables/geometry40/transfer_out_common_by_source.csv,/mnt/shared-storage-user/safewt-share/sunyoubang/verl-agent-run-logs/qwen25-geometry40-20260607_180845/story_assets_40row/tables/transfer_out_common_by_source.csv,3638,Geometry40 table: transfer_out_common_by_source.csv
assets/tables/geometry40/transfer_in_common_by_target.csv,/mnt/shared-storage-user/safewt-share/sunyoubang/verl-agent-run-logs/qwen25-geometry40-20260607_180845/story_assets_40row/tables/transfer_in_common_by_target.csv,3076,Geometry40 table: transfer_in_common_by_target.csv
assets/tables/geometry40_endpoint/endpoint_transfer_summary.json,/mnt/shared-storage-user/safewt-share/sunyoubang/verl-agent-run-logs/qwen25-geometry40-20260607_180845/analysis/endpoint/endpoint_transfer_summary.json,4060,Geometry40 endpoint artifact: endpoint_transfer_summary.json
assets/tables/geometry40_endpoint/endpoint_transfer_records.csv,/mnt/shared-storage-user/safewt-share/sunyoubang/verl-agent-run-logs/qwen25-geometry40-20260607_180845/analysis/endpoint/endpoint_transfer_records.csv,1553428,Geometry40 endpoint artifact: endpoint_transfer_records.csv
assets/tables/geometry40_endpoint/delta_p_common_initial_matrix.csv,/mnt/shared-storage-user/safewt-share/sunyoubang/verl-agent-run-logs/qwen25-geometry40-20260607_180845/analysis/endpoint/delta_p_common_initial_matrix.csv,22755,Geometry40 endpoint artifact: delta_p_common_initial_matrix.csv
assets/tables/geometry40_endpoint/positive_delta_p_common_initial_matrix.csv,/mnt/shared-storage-user/safewt-share/sunyoubang/verl-agent-run-logs/qwen25-geometry40-20260607_180845/analysis/endpoint/positive_delta_p_common_initial_matrix.csv,14117,Geometry40 endpoint artifact: positive_delta_p_common_initial_matrix.csv
assets/tables/geometry40_endpoint/R_normalized_info_weighted_positive_common_matrix.csv,/mnt/shared-storage-user/safewt-share/sunyoubang/verl-agent-run-logs/qwen25-geometry40-20260607_180845/analysis/endpoint/R_normalized_info_weighted_positive_common_matrix.csv,9656,Geometry40 endpoint artifact: R_normalized_info_weighted_positive_common_matrix.csv
assets/tables/geometry40_endpoint/target_entropy_drop_common_matrix.csv,/mnt/shared-storage-user/safewt-share/sunyoubang/verl-agent-run-logs/qwen25-geometry40-20260607_180845/analysis/endpoint/target_entropy_drop_common_matrix.csv,30026,Geometry40 endpoint artifact: target_entropy_drop_common_matrix.csv
assets/tables/geometry40_endpoint/target_variance_drop_common_matrix.csv,/mnt/shared-storage-user/safewt-share/sunyoubang/verl-agent-run-logs/qwen25-geometry40-20260607_180845/analysis/endpoint/target_variance_drop_common_matrix.csv,29253,Geometry40 endpoint artifact: target_variance_drop_common_matrix.csv
assets/tables/geometry40_endpoint/delta_p_permutation_p_value_matrix.csv,/mnt/shared-storage-user/safewt-share/sunyoubang/verl-agent-run-logs/qwen25-geometry40-20260607_180845/analysis/endpoint/delta_p_permutation_p_value_matrix.csv,21778,Geometry40 endpoint artifact: delta_p_permutation_p_value_matrix.csv
assets/tables/geometry40_endpoint/gpu_utilization_summary.json,/mnt/shared-storage-user/safewt-share/sunyoubang/verl-agent-run-logs/qwen25-geometry40-20260607_180845/analysis/endpoint/gpu_utilization_summary.json,325,Geometry40 endpoint artifact: gpu_utilization_summary.json
assets/tables/geometry40/geometry40_self_gain_by_problem.csv,/mnt/shared-storage-user/sunyoubang/kaisen/infomation-bottleneck-rlvr-paper/data/dapo17k/geometry40/geometry40_self_gain_by_problem.csv,3855,Paper geometry40 table: geometry40_self_gain_by_problem.csv
assets/tables/geometry40/geometry40_transfer_in_by_target.csv,/mnt/shared-storage-user/sunyoubang/kaisen/infomation-bottleneck-rlvr-paper/data/dapo17k/geometry40/geometry40_transfer_in_by_target.csv,3076,Paper geometry40 table: geometry40_transfer_in_by_target.csv
assets/tables/geometry40/geometry40_transfer_out_by_source.csv,/mnt/shared-storage-user/sunyoubang/kaisen/infomation-bottleneck-rlvr-paper/data/dapo17k/geometry40/geometry40_transfer_out_by_source.csv,3638,Paper geometry40 table: geometry40_transfer_out_by_source.csv
assets/tables/pair10/pair_vs_single_Hdmaxp_dataset_summary.csv,/mnt/shared-storage-user/safewt-share/sunyoubang/verl-agent-run-logs/dapo17k_infogain_dashboard_latest/pair_vs_single_Hdmaxp_dataset_summary.csv,800,Pair10 table: pair_vs_single_Hdmaxp_dataset_summary.csv
assets/tables/pair10/pair_vs_single_var_dataset_summary.csv,/mnt/shared-storage-user/safewt-share/sunyoubang/verl-agent-run-logs/dapo17k_infogain_dashboard_latest/pair_vs_single_var_dataset_summary.csv,822,Pair10 table: pair_vs_single_var_dataset_summary.csv
assets/tables/pair10/pair_vs_single_matched_final_compare.csv,/mnt/shared-storage-user/safewt-share/sunyoubang/verl-agent-run-logs/dapo17k_infogain_dashboard_latest/pair_vs_single_matched_final_compare.csv,911,Pair10 table: pair_vs_single_matched_final_compare.csv
assets/tables/pair10/pair_stepwise_dynamics_stats.csv,/mnt/shared-storage-user/safewt-share/sunyoubang/verl-agent-run-logs/dapo17k_infogain_dashboard_latest/pair_stepwise_dynamics_stats.csv,3334,Pair10 table: pair_stepwise_dynamics_stats.csv
assets/tables/dapo200/sweep_aggregate_metrics.csv,/mnt/shared-storage-user/safewt-share/sunyoubang/verl-agent-run-logs/dapo200-lr6e6-r32-s50-combined-20260526/final_044405/sweep_aggregate_metrics.csv,9183,Dapo200 table: sweep_aggregate_metrics.csv
assets/tables/dapo200/sweep_problem_summary.csv,/mnt/shared-storage-user/safewt-share/sunyoubang/verl-agent-run-logs/dapo200-lr6e6-r32-s50-combined-20260526/final_044405/sweep_problem_summary.csv,34141,Dapo200 table: sweep_problem_summary.csv
assets/tables/transfer_matrix8/endpoint_transfer_summary.json,/mnt/shared-storage-user/safewt-share/sunyoubang/verl-agent-run-logs/transfer-matrix8-20260603-173013/analysis/endpoint_transfer_summary.json,1094,Transfer matrix 8 artifact: endpoint_transfer_summary.json
assets/tables/transfer_matrix8/endpoint_transfer_records.csv,/mnt/shared-storage-user/safewt-share/sunyoubang/verl-agent-run-logs/transfer-matrix8-20260603-173013/analysis/endpoint_transfer_records.csv,41652,Transfer matrix 8 artifact: endpoint_transfer_records.csv
assets/tables/transfer_matrix8/delta_p_common_initial_matrix.csv,/mnt/shared-storage-user/safewt-share/sunyoubang/verl-agent-run-logs/transfer-matrix8-20260603-173013/analysis/delta_p_common_initial_matrix.csv,672,Transfer matrix 8 artifact: delta_p_common_initial_matrix.csv
assets/tables/transfer_matrix8/self_normalized_delta_p_common_initial_matrix.csv,/mnt/shared-storage-user/safewt-share/sunyoubang/verl-agent-run-logs/transfer-matrix8-20260603-173013/analysis/self_normalized_delta_p_common_initial_matrix.csv,991,Transfer matrix 8 artifact: self_normalized_delta_p_common_initial_matrix.csv
assets/tables/transfer_matrix8/transfer_in_by_target.csv,/mnt/shared-storage-user/safewt-share/sunyoubang/verl-agent-run-logs/transfer-matrix8-20260603-173013/analysis/transfer_in_by_target.csv,664,Transfer matrix 8 artifact: transfer_in_by_target.csv
assets/tables/transfer_matrix8/transfer_out_by_source.csv,/mnt/shared-storage-user/safewt-share/sunyoubang/verl-agent-run-logs/transfer-matrix8-20260603-173013/analysis/transfer_out_by_source.csv,658,Transfer matrix 8 artifact: transfer_out_by_source.csv
assets/tables/perstep_transfer/perstep_transfer_summary.json,/mnt/shared-storage-user/safewt-share/sunyoubang/verl-agent-run-logs/perstep-transfer-20260603-185621/analysis/perstep_transfer_summary.json,319,Per-step transfer artifact: perstep_transfer_summary.json
assets/tables/perstep_transfer/perstep_transfer_pair_summaries.csv,/mnt/shared-storage-user/safewt-share/sunyoubang/verl-agent-run-logs/perstep-transfer-20260603-185621/analysis/perstep_transfer_pair_summaries.csv,7313,Per-step transfer artifact: perstep_transfer_pair_summaries.csv
assets/tables/perstep_transfer/cos_euclidean_matrix.csv,/mnt/shared-storage-user/safewt-share/sunyoubang/verl-agent-run-logs/perstep-transfer-20260603-185621/analysis/cos_euclidean_matrix.csv,236,Per-step transfer artifact: cos_euclidean_matrix.csv
assets/tables/perstep_transfer/theta_euclidean_deg_matrix.csv,/mnt/shared-storage-user/safewt-share/sunyoubang/verl-agent-run-logs/perstep-transfer-20260603-185621/analysis/theta_euclidean_deg_matrix.csv,225,Per-step transfer artifact: theta_euclidean_deg_matrix.csv
assets/tables/perstep_transfer/transfer_ratio_dot_to_self_matrix.csv,/mnt/shared-storage-user/safewt-share/sunyoubang/verl-agent-run-logs/perstep-transfer-20260603-185621/analysis/transfer_ratio_dot_to_self_matrix.csv,241,Per-step transfer artifact: transfer_ratio_dot_to_self_matrix.csv
assets/tables/sequential_vs_isolated/sequential_vs_isolated_summary.json,/mnt/shared-storage-user/safewt-share/sunyoubang/verl-agent-run-logs/seq-vs-iso9-20260605_021314/analysis/sequential_vs_isolated_summary.json,820,Sequential vs isolated artifact: sequential_vs_isolated_summary.json
assets/tables/sequential_vs_isolated/sequential_vs_isolated_records.csv,/mnt/shared-storage-user/safewt-share/sunyoubang/verl-agent-run-logs/seq-vs-iso9-20260605_021314/analysis/sequential_vs_isolated_records.csv,5928,Sequential vs isolated artifact: sequential_vs_isolated_records.csv
assets/manifests/all_existing_assets/manifest.csv,/mnt/shared-storage-user/sunyoubang/kaisen/infomation-bottleneck-rlvr-paper/artifacts/rlvr_existing_figures_tables_20260607/manifest.csv,1973732,Index for full local old-asset bundle: manifest.csv
assets/manifests/all_existing_assets/summary_counts.csv,/mnt/shared-storage-user/sunyoubang/kaisen/infomation-bottleneck-rlvr-paper/artifacts/rlvr_existing_figures_tables_20260607/summary_counts.csv,465,Index for full local old-asset bundle: summary_counts.csv
assets/manifests/all_existing_assets/source_roots.txt,/mnt/shared-storage-user/sunyoubang/kaisen/infomation-bottleneck-rlvr-paper/artifacts/rlvr_existing_figures_tables_20260607/source_roots.txt,11270,Index for full local old-asset bundle: source_roots.txt
assets/manifests/all_existing_assets/README.md,/mnt/shared-storage-user/sunyoubang/kaisen/infomation-bottleneck-rlvr-paper/artifacts/rlvr_existing_figures_tables_20260607/README.md,1391,Index for full local old-asset bundle: README.md
assets/figures/geometry40/p_small_multiples.png,/mnt/shared-storage-user/safewt-share/sunyoubang/verl-agent-run-logs/qwen25-geometry40-20260607_180845/isolated40/aggregate/p_small_multiples.png,194556,Geometry40 per-question pass-rate p_t trajectories
assets/figures/dapo17k_sweep/p_small_multiples.png,/mnt/shared-storage-user/safewt-share/sunyoubang/verl-agent-run-logs/dapo17k_infogain_dashboard_latest/p_small_multiples.png,907543,DAPO17k per-question pass-rate p_t trajectories
assets/figures/dapo17k_sweep/completed_problem_H_p_subplots_latest.png,/mnt/shared-storage-user/safewt-share/sunyoubang/verl-agent-run-logs/dapo17k_infogain_dashboard_latest/completed_problem_H_p_subplots_latest.png,1249078,DAPO17k completed-problem H(p_t) and p_t subplots
