problem_id,initial_step,initial_p,initial_H_nats,initial_I_nats,initial_action_entropy_per_token,initial_action_entropy_seq_cumulative,final_step,final_p,final_H_nats,final_I_nats,final_action_entropy_per_token,final_action_entropy_seq_cumulative,run_status,early_stop_reason,early_stop_step,early_stop_best_rollout_acc_p
0,1,0.9375,0.2337916587064593,0.2337916587064593,0.3274655437562614,8.221307396888733,9,1.0,0.0,0.3728524571612004,0.2240246910077985,3.8084197640419006,early_stop_high_success,high_success,9.0,1.0
1,1,0.75,0.5623351446188083,0.5623351446188083,0.3583847340196371,13.961939096450806,14,1.0,0.0,1.3892952591418353,0.5044382665946614,3.5310678482055664,early_stop_high_success,high_success,14.0,1.0
2,1,0.0,0.0,0.0,0.584844185039401,37.43002784252167,10,0.0,0.0,0.0,0.6274139015004039,40.15448969602585,early_stop_low_success,low_success,10.0,0.0
3,1,0.0,0.0,0.0,0.6544779874384403,41.88659119606018,10,0.0,0.0,0.0,0.6490915035828948,41.54185622930527,early_stop_low_success,low_success,10.0,0.0
4,1,0.0,0.0,0.0,0.5064188558608294,32.41080677509308,10,0.0,0.0,0.0,0.5326122464612126,34.08718377351761,early_stop_low_success,low_success,10.0,0.0
5,1,0.78125,0.5253213195155949,0.5253213195155949,0.4717636969871819,17.18798041343689,11,1.0,0.0,1.0372345751315366,0.5037711338954978,3.082888245582581,early_stop_high_success,high_success,11.0,1.0
6,1,0.5625,0.6853142072764582,0.6853142072764582,0.3597143981605768,18.32609742879868,14,1.0,0.0,3.0500997722463072,0.3106038033147342,2.29512232542038,early_stop_high_success,high_success,14.0,1.0
7,1,0.0,0.0,0.0,0.6268191002309322,40.11642241477966,10,0.0,0.0,0.0,0.6145078800618649,39.32850432395935,early_stop_low_success,low_success,10.0,0.0
8,1,0.0,0.0,0.0,0.6465521333739161,41.37933653593063,10,0.0,0.0,0.0,0.6656200485303998,42.59968310594559,early_stop_low_success,low_success,10.0,0.0
9,1,0.0,0.0,0.0,0.4927109889686107,31.53350329399109,10,0.0,0.0,0.0,0.5133593548089266,32.8549987077713,early_stop_low_success,low_success,10.0,0.0
10,1,0.875,0.3767701612564367,0.3767701612564367,0.4020151579752564,12.416205525398254,9,1.0,0.0,0.5158309597111779,0.2347784647135995,1.4110475182533264,early_stop_high_success,high_success,9.0,1.0
11,1,0.1875,0.482577565177012,0.482577565177012,0.4970088615082204,29.818824350833893,26,1.0,0.0,2.1652135386700504,0.6237654944088717,4.366358458995819,early_stop_high_success,high_success,26.0,1.0
12,1,0.0,0.0,0.0,0.5723115634173155,36.62794005870819,10,0.0,0.0,0.0,0.5889878747984767,37.69522398710251,early_stop_low_success,low_success,10.0,0.0
13,1,0.0,0.0,0.0,0.6709081521257758,42.93812173604965,10,0.0,0.0,0.0,0.7027445733547211,44.97565269470215,early_stop_low_success,low_success,10.0,0.0
14,1,0.0,0.0,0.0,0.5208967803046107,33.33739393949509,10,0.0,0.0,0.0,0.4865170316770673,31.137090027332302,early_stop_low_success,low_success,10.0,0.0
15,1,0.6875,0.6210863745552451,0.6210863745552451,0.4317915004212409,17.818885564804077,27,1.0,0.0,2.0951028390537187,0.2263408557628281,2.2634085416793823,early_stop_high_success,high_success,27.0,1.0
16,1,0.28125,0.5941300227248385,0.5941300227248385,0.4261010761838406,24.8983137011528,50,1.0,0.0,13.35447329891838,0.3925871216670202,2.748109877109528,completed,,,
17,1,0.0,0.0,0.0,0.6019386444240808,38.52407324314117,10,0.0,0.0,0.0,0.6158161228522658,39.41223186254501,early_stop_low_success,low_success,10.0,0.0
18,1,0.0,0.0,0.0,0.5642786240205169,36.11383193731308,10,0.0,0.0,0.0,0.5803128415718675,37.14002186059952,early_stop_low_success,low_success,10.0,0.0
19,1,0.0,0.0,0.0,0.5101698338985443,32.65086936950684,10,0.0,0.0,0.0,0.5303476033732295,33.94224661588669,early_stop_low_success,low_success,10.0,0.0
20,1,0.6875,0.6210863745552451,0.6210863745552451,0.4318026942200959,17.549861311912537,23,1.0,0.0,2.004289682897237,0.6218501247603854,4.352950870990753,early_stop_high_success,high_success,23.0,1.0
21,1,0.625,0.6615632381579821,0.6615632381579821,0.3797107641585171,17.03047901391983,12,1.0,0.0,1.1734764937739235,0.3345092663075775,2.859385311603546,early_stop_high_success,high_success,12.0,1.0
22,1,0.0,0.0,0.0,0.5798912821337581,37.11304205656052,10,0.0,0.0,0.0,0.5943207694217563,38.0365292429924,early_stop_low_success,low_success,10.0,0.0
23,1,0.0,0.0,0.0,0.7085939701646566,45.350014090538025,10,0.0,0.0,0.0,0.6979469433426857,44.668604373931885,early_stop_low_success,low_success,10.0,0.0
24,1,0.0,0.0,0.0,0.4784984560683369,30.62390118837357,10,0.0,0.0,0.0,0.4877188419923186,31.214005887508392,early_stop_low_success,low_success,10.0,0.0
25,1,0.84375,0.4333988732907457,0.4333988732907457,0.3667572571430355,13.19478052854538,23,1.0,0.0,5.195547677427759,0.2751781424740329,2.1018251180648804,early_stop_high_success,high_success,23.0,1.0
26,1,0.53125,0.6911927820032008,0.6911927820032008,0.4117948152124882,20.534105002880096,22,1.0,0.0,1.6202884329833658,0.2834231854503741,1.9839622974395752,early_stop_high_success,high_success,22.0,1.0
27,1,0.0,0.0,0.0,0.6192593816667795,39.63260042667389,10,0.0,0.0,0.0,0.6269611585885286,40.12551414966583,early_stop_low_success,low_success,10.0,0.0
28,1,0.0,0.0,0.0,0.6183646293357015,39.575336277484894,10,0.0,0.0,0.0,0.6155516700819135,39.39530688524246,early_stop_low_success,low_success,10.0,0.0
29,1,0.0,0.0,0.0,0.5042791636660695,32.27386647462845,10,0.0,0.0,0.0,0.5237773545086384,33.521750688552856,early_stop_low_success,low_success,10.0,0.0
30,1,0.6875,0.6210863745552451,0.6210863745552451,0.4196259067393839,19.4436154961586,50,0.96875,0.1390607984547411,18.024201894435397,0.1372070877896476,5.718306541442871,completed,,,
31,1,0.84375,0.4333988732907457,0.4333988732907457,0.3739623404107988,13.273975253105164,23,1.0,0.0,1.8300778416838293,0.1481201188871637,1.0619484186172483,early_stop_high_success,high_success,23.0,1.0
32,1,0.0,0.0,0.0,0.6402146741747856,40.97373914718628,10,0.0,0.0,0.0,0.6433149743825197,41.17215836048126,early_stop_low_success,low_success,10.0,0.0
33,1,0.0,0.0,0.0,0.6896045776084065,44.13469296693802,10,0.0,0.0,0.0,0.6921083265915513,44.29493290185928,early_stop_low_success,low_success,10.0,0.0
34,1,0.0,0.0,0.0,0.5051304511725903,32.328348875045776,10,0.0,0.0,0.0,0.5100371222943068,32.64237582683563,early_stop_low_success,low_success,10.0,0.0
35,1,0.625,0.6615632381579821,0.6615632381579821,0.4218728747218847,19.767241656780243,9,1.0,0.0,1.345544850131032,0.4053207819815725,2.8835217356681824,early_stop_high_success,high_success,9.0,1.0
36,1,0.625,0.6615632381579821,0.6615632381579821,0.3825952913612127,17.24618411064148,28,1.0,0.0,4.841841694692202,0.7363321527809603,5.242920935153961,early_stop_high_success,high_success,28.0,1.0
37,1,0.0,0.0,0.0,0.6192636573687196,39.63287407159805,10,0.0,0.0,0.0,0.6059934161603451,38.783578634262085,early_stop_low_success,low_success,10.0,0.0
38,1,0.0,0.0,0.0,0.5923282643780112,37.90900892019272,10,0.0,0.0,0.0,0.6206042217090726,39.718670189380646,early_stop_low_success,low_success,10.0,0.0
39,1,0.0,0.0,0.0,0.5063369646668434,32.40556573867798,10,0.0,0.0,0.0,0.5032801823690534,32.209931671619415,early_stop_low_success,low_success,10.0,0.0
40,1,0.75,0.5623351446188083,0.5623351446188083,0.3713880826253444,14.16022664308548,9,1.0,0.0,1.0125250978853986,0.1673372711520642,4.020641207695007,early_stop_high_success,high_success,9.0,1.0
41,1,0.59375,0.6754645824509031,0.6754645824509031,0.4110876121558249,19.15731638669968,9,1.0,0.0,1.3594461944239529,0.1801299878861755,3.8360888361930847,early_stop_high_success,high_success,9.0,1.0
42,1,0.0,0.0,0.0,0.5793544305488467,37.07868355512619,10,0.0,0.0,0.0,0.6013396410271525,38.48573702573776,early_stop_low_success,low_success,10.0,0.0
43,1,0.0,0.0,0.0,0.6899848524481058,44.15903055667877,10,0.0,0.0,0.0,0.6944924425333738,44.447516322135925,early_stop_low_success,low_success,10.0,0.0
44,1,0.0,0.0,0.0,0.5207920437678695,33.330690801143646,10,0.0,0.0,0.0,0.4908761819824576,31.41607564687729,early_stop_low_success,low_success,10.0,0.0
45,1,0.5,0.6931471805599453,0.6931471805599453,0.4260838190093636,20.929807484149933,9,1.0,0.0,0.9269388392664046,0.6555534928338602,4.6097372174263,early_stop_high_success,high_success,9.0,1.0
46,1,0.375,0.6615632381579821,0.6615632381579821,0.4282024120911956,22.493357837200165,17,1.0,0.0,1.667996385243537,0.2378521511564031,4.324402987957001,early_stop_high_success,high_success,17.0,1.0
47,1,0.0,0.0,0.0,0.5875784074887633,37.60501807928085,10,0.0,0.0,0.0,0.5790513148531318,37.05928415060043,early_stop_low_success,low_success,10.0,0.0
48,1,0.0,0.0,0.0,0.616694388911128,39.4684408903122,10,0.0,0.0,0.0,0.5999473594129086,38.39663100242615,early_stop_low_success,low_success,10.0,0.0
49,1,0.0,0.0,0.0,0.4679718343541026,29.950197398662567,10,0.0,0.0,0.0,0.5016003297641873,32.10242110490799,early_stop_low_success,low_success,10.0,0.0
50,1,0.59375,0.6754645824509031,0.6754645824509031,0.411614324664697,18.610421240329742,50,0.9375,0.2337916587064593,10.209961439272622,0.0839907590998336,1.926932454109192,completed,,,
51,1,0.71875,0.5941300227248385,0.5941300227248385,0.3610573671758175,14.670171558856964,15,1.0,0.0,1.851748192663181,0.0195959468235287,0.1371716260910034,early_stop_high_success,high_success,15.0,1.0
52,1,0.0,0.0,0.0,0.6250166296958923,40.00106430053711,10,0.0,0.0,0.0,0.6002347720786929,38.415025413036346,early_stop_low_success,low_success,10.0,0.0
53,1,0.0,0.0,0.0,0.6618191180750728,42.35642355680466,10,0.0,0.0,0.0,0.7000064933672547,44.8004155755043,early_stop_low_success,low_success,10.0,0.0
54,1,0.0,0.0,0.0,0.5040483633056283,32.25909525156021,10,0.0,0.0,0.0,0.5349538959562778,34.23704934120178,early_stop_low_success,low_success,10.0,0.0
55,1,0.625,0.6615632381579821,0.6615632381579821,0.4135065593291074,19.347352921962734,11,1.0,0.0,1.345544850131032,0.1907962980912998,4.0580286383628845,early_stop_high_success,high_success,11.0,1.0
56,1,0.46875,0.6911927820032008,0.6911927820032008,0.3820608619134873,19.0210177898407,50,1.0,0.0,13.44065014111476,0.0418975410671831,1.17314350605011,completed,,,
57,1,0.0,0.0,0.0,0.6173040233552456,39.50745749473572,10,0.0,0.0,0.0,0.6551302010193467,41.92833286523819,early_stop_low_success,low_success,10.0,0.0
58,1,0.0,0.0,0.0,0.649334080517292,41.55738115310669,10,0.0,0.0,0.0,0.6075374260544777,38.88239526748657,early_stop_low_success,low_success,10.0,0.0
59,1,0.0,0.0,0.0,0.5247754072770476,33.58562606573105,10,0.0,0.0,0.0,0.4927269583567977,31.53452533483505,early_stop_low_success,low_success,10.0,0.0
60,1,0.625,0.6615632381579821,0.6615632381579821,0.3971138405613601,17.805109977722168,13,1.0,0.0,1.0787456335222056,0.5575552934315056,4.030074715614319,early_stop_high_success,high_success,13.0,1.0
61,1,0.6875,0.6210863745552451,0.6210863745552451,0.3741279579699039,15.172471582889557,9,1.0,0.0,0.7601471730099862,0.154689108079765,1.0828237533569336,early_stop_high_success,high_success,9.0,1.0
62,1,0.0,0.0,0.0,0.6260715387761593,40.068578481674194,10,0.0,0.0,0.0,0.6166062438860536,39.46279960870743,early_stop_low_success,low_success,10.0,0.0
63,1,0.0,0.0,0.0,0.7020859569311142,44.93350124359131,10,0.0,0.0,0.0,0.6950547397136688,44.483503341674805,early_stop_low_success,low_success,10.0,0.0
64,1,0.0,0.0,0.0,0.5341438353061676,34.18520545959473,10,0.0,0.0,0.0,0.5386333782225847,34.47253620624542,early_stop_low_success,low_success,10.0,0.0
65,1,0.53125,0.6911927820032008,0.6911927820032008,0.4374939522240311,21.889292657375336,50,0.84375,0.4333988732907457,16.035910426210563,0.0434148638905043,0.3169280290603637,completed,,,
66,1,0.34375,0.6434915530192904,0.6434915530192904,0.4673615368083119,23.851763248443604,16,1.0,0.0,1.9329255680178348,0.3314297708129743,2.320008397102356,early_stop_high_success,high_success,16.0,1.0
67,1,0.0,0.0,0.0,0.5778014082461596,36.97929012775421,10,0.0,0.0,0.0,0.5975540531799197,38.24345940351486,early_stop_low_success,low_success,10.0,0.0
68,1,0.0,0.0,0.0,0.6520888144150376,41.73368412256241,10,0.0,0.0,0.0,0.637163826264441,40.77848488092423,early_stop_low_success,low_success,10.0,0.0
69,1,0.0,0.0,0.0,0.4939533676952123,31.61301553249359,10,0.0,0.0,0.0,0.5225474890321493,33.44303929805756,early_stop_low_success,low_success,10.0,0.0
70,1,0.4375,0.6853142072764582,0.6853142072764582,0.4317001451272517,22.449636459350582,15,1.0,0.0,1.7091407185083414,0.6157585084438324,4.310309588909149,early_stop_high_success,high_success,15.0,1.0
71,1,0.75,0.5623351446188083,0.5623351446188083,0.3605695297010243,13.938147366046906,21,1.0,0.0,2.125011485523328,0.1012802635668776,0.7089618444442749,early_stop_high_success,high_success,21.0,1.0
72,1,0.0,0.0,0.0,0.5720112640410662,36.60872089862824,10,0.0,0.0,0.0,0.549188444390893,35.14806044101715,early_stop_low_success,low_success,10.0,0.0
73,1,0.0,0.0,0.0,0.6937392903491855,44.39931458234787,10,0.0,0.0,0.0,0.6846666121855378,43.81866317987442,early_stop_low_success,low_success,10.0,0.0
74,1,0.0,0.0,0.0,0.5046668453142047,32.2986781001091,10,0.0,0.0,0.0,0.5177375860512257,33.13520550727844,early_stop_low_success,low_success,10.0,0.0
75,1,0.46875,0.6911927820032008,0.6911927820032008,0.4352793607395142,22.27174961566925,10,1.0,0.0,1.2031060376191425,0.2543853767565451,5.371225595474243,early_stop_high_success,high_success,10.0,1.0
76,1,0.75,0.5623351446188083,0.5623351446188083,0.353219375712797,14.100939750671388,9,1.0,0.0,1.5898335233141287,0.4687409768812358,3.7050675749778743,early_stop_high_success,high_success,9.0,1.0
77,1,0.0,0.0,0.0,0.5628250790759921,36.020805060863495,10,0.0,0.0,0.0,0.5750001324340701,36.80000847578049,early_stop_low_success,low_success,10.0,0.0
78,1,0.0,0.0,0.0,0.6041298042982817,38.66430747509003,10,0.0,0.0,0.0,0.6260171020403504,40.06509453058243,early_stop_low_success,low_success,10.0,0.0
79,1,0.0,0.0,0.0,0.5179381100460887,33.14803904294968,10,0.0,0.0,0.0,0.4931476637721061,31.561450481414795,early_stop_low_success,low_success,10.0,0.0
80,1,0.34375,0.6434915530192904,0.6434915530192904,0.4775530199985951,27.158095598220825,39,1.0,0.0,7.884133025255928,0.0573172700646296,0.4012773633003235,early_stop_high_success,high_success,39.0,1.0
81,1,0.4375,0.6853142072764582,0.6853142072764582,0.4427163926884532,22.818184733390808,50,0.0,0.0,1.858790701050382,0.2763277812628075,1.9342944622039795,completed,,,
82,1,0.0,0.0,0.0,0.6237715352326632,39.92137825489044,10,0.0,0.0,0.0,0.6404059091582894,40.98597818613053,early_stop_low_success,low_success,10.0,0.0
83,1,0.0,0.0,0.0,0.6803137771785259,43.54008173942566,10,0.0,0.0,0.0,0.6966115618124604,44.58313995599747,early_stop_low_success,low_success,10.0,0.0
84,1,0.0,0.0,0.0,0.5419265357777476,34.68329828977585,10,0.0,0.0,0.0,0.5344776595011353,34.20657020807266,early_stop_low_success,low_success,10.0,0.0
85,1,0.3125,0.6210863745552451,0.6210863745552451,0.4805033628363162,26.790607154369354,34,1.0,0.0,3.536111745649825,0.1108494397085451,0.7759460806846619,early_stop_high_success,high_success,34.0,1.0
86,1,0.71875,0.5941300227248385,0.5941300227248385,0.3736886261031031,14.190239608287811,10,1.0,0.0,0.9669824798860388,0.1014285254932474,0.709999680519104,early_stop_high_success,high_success,10.0,1.0
87,1,0.0,0.0,0.0,0.6258042315021157,40.05147081613541,10,0.0,0.0,0.0,0.6043616151437163,38.679143369197845,early_stop_low_success,low_success,10.0,0.0
88,1,0.0,0.0,0.0,0.6665641060099006,42.66010278463364,10,0.0,0.0,0.0,0.6661695428192616,42.63485074043274,early_stop_low_success,low_success,10.0,0.0
89,1,0.0,0.0,0.0,0.503380075097084,32.21632480621338,10,0.0,0.0,0.0,0.4988692943006754,31.927634835243225,early_stop_low_success,low_success,10.0,0.0
90,1,0.53125,0.6911927820032008,0.6911927820032008,0.4214600014965981,20.610703885555267,12,1.0,0.0,1.7480268511374508,0.0682352529838681,0.4776467680931091,early_stop_high_success,high_success,12.0,1.0
91,1,0.625,0.6615632381579821,0.6615632381579821,0.3861951406579464,17.045940458774567,9,1.0,0.0,0.8006240366127233,0.1651807623566128,1.160506010055542,early_stop_high_success,high_success,9.0,1.0
92,1,0.0,0.0,0.0,0.5723345996811986,36.62941437959671,10,0.0,0.0,0.0,0.5203599715605378,33.30303817987442,early_stop_low_success,low_success,10.0,0.0
93,1,0.0,0.0,0.0,0.6719858841970563,43.0070965886116,10,0.0,0.0,0.0,0.7047494063153863,45.10396200418472,early_stop_low_success,low_success,10.0,0.0
94,1,0.0,0.0,0.0,0.5021636672317982,32.13847470283508,10,0.0,0.0,0.0,0.514897015877068,32.953409016132355,early_stop_low_success,low_success,10.0,0.0
95,1,0.625,0.6615632381579821,0.6615632381579821,0.3904439299367368,18.726578295230865,15,1.0,0.0,1.2682073540256418,0.145121955050854,3.0475610494613647,early_stop_high_success,high_success,15.0,1.0
96,1,0.5625,0.6853142072764582,0.6853142072764582,0.4274978053290397,21.269450783729557,42,1.0,0.0,4.952001066417715,0.083032953505608,0.8303295373916626,early_stop_high_success,high_success,42.0,1.0
97,1,0.0,0.0,0.0,0.6496940329670906,41.5804181098938,10,0.0,0.0,0.0,0.6278110267594457,40.17990571260452,early_stop_low_success,low_success,10.0,0.0
98,1,0.0,0.0,0.0,0.5342799546197057,34.19391709566116,10,0.0,0.0,0.0,0.5549883618950844,35.5192551612854,early_stop_low_success,low_success,10.0,0.0
99,1,0.0,0.0,0.0,0.5001394469290972,32.00892460346222,10,0.0,0.0,0.0,0.5189833920449018,33.21493709087372,early_stop_low_success,low_success,10.0,0.0
100,1,0.59375,0.6754645824509031,0.6754645824509031,0.3994537147227675,20.26302045583725,11,1.0,0.0,1.3869850526511311,0.1758792200416792,3.693463623523712,early_stop_high_success,high_success,11.0,1.0
101,1,0.34375,0.6434915530192904,0.6434915530192904,0.3955505271442234,22.760935068130493,50,0.90625,0.3111291548118492,5.936830999240761,0.2304303735727444,1.637208342552185,completed,,,
102,1,0.0,0.0,0.0,0.5646636551246047,36.1384739279747,10,0.0,0.0,0.0,0.5896712495014071,37.73895996809006,early_stop_low_success,low_success,10.0,0.0
103,1,0.0,0.0,0.0,0.7098785946145654,45.43223005533218,10,0.0,0.0,0.0,0.6962635880336165,44.56086963415146,early_stop_low_success,low_success,10.0,0.0
104,1,0.0,0.0,0.0,0.4804713344201445,30.75016540288925,10,0.0,0.0,0.0,0.4918405981734395,31.477798283100128,early_stop_low_success,low_success,10.0,0.0
105,1,0.5,0.6931471805599453,0.6931471805599453,0.4139935008715838,20.89989799261093,42,1.0,0.0,4.784966253377295,0.070365224712674,1.4776697158813477,early_stop_high_success,high_success,42.0,1.0
106,1,0.65625,0.6434915530192904,0.6434915530192904,0.3551415987312794,16.949951469898224,16,1.0,0.0,1.199734746838255,0.4388676164962817,3.0720733404159546,early_stop_high_success,high_success,16.0,1.0
107,1,0.0,0.0,0.0,0.6386228846386075,40.87186461687088,10,0.0,0.0,0.0,0.609796553850174,39.02697944641113,early_stop_low_success,low_success,10.0,0.0
108,1,0.0,0.0,0.0,0.6585280252620578,42.1457936167717,10,0.0,0.0,0.0,0.6849902477115393,43.83937585353851,early_stop_low_success,low_success,10.0,0.0
109,1,0.0,0.0,0.0,0.5059640007093549,32.38169604539871,10,0.0,0.0,0.0,0.5094123193994164,32.60238844156265,early_stop_low_success,low_success,10.0,0.0
110,1,0.5,0.6931471805599453,0.6931471805599453,0.4374519013799727,22.174273312091827,14,1.0,0.0,1.1103295759241687,0.1796933697769418,3.797835171222687,early_stop_high_success,high_success,14.0,1.0
111,1,0.3125,0.6210863745552451,0.6210863745552451,0.455398220103234,25.065555095672607,9,1.0,0.0,1.480434100988694,0.0505897549446672,0.3558588624000549,early_stop_high_success,high_success,9.0,1.0
112,1,0.0,0.0,0.0,0.5804510749876499,37.1488687992096,10,0.0,0.0,0.0,0.604463073424995,38.68563669919968,early_stop_low_success,low_success,10.0,0.0
113,1,0.0,0.0,0.0,0.6895509017631412,44.13125771284104,10,0.0,0.0,0.0,0.6814602231606841,43.61345428228378,early_stop_low_success,low_success,10.0,0.0
114,1,0.0,0.0,0.0,0.4833174105733633,30.93231427669525,10,0.0,0.0,0.0,0.4950857562944293,31.685488402843475,early_stop_low_success,low_success,10.0,0.0
115,1,0.6875,0.6210863745552451,0.6210863745552451,0.3662059945054352,16.20200514793396,47,1.0,0.0,6.377516832045076,0.8321378999389708,5.8249653577804565,early_stop_high_success,high_success,47.0,1.0
116,1,0.4375,0.6853142072764582,0.6853142072764582,0.4184724288061261,23.11705893278122,33,1.0,0.0,2.8378435840727927,0.2111451906457659,1.5133211016654968,early_stop_high_success,high_success,33.0,1.0
117,1,0.0,0.0,0.0,0.5923184007406235,37.9083776473999,10,0.0,0.0,0.0,0.6007504584267735,38.44802933931351,early_stop_low_success,low_success,10.0,0.0
118,1,0.0,0.0,0.0,0.6589000904932618,42.16960579156876,10,0.0,0.0,0.0,0.6380992662161589,40.83835303783417,early_stop_low_success,low_success,10.0,0.0
119,1,0.0,0.0,0.0,0.5143514052033424,32.91848993301392,10,0.0,0.0,0.0,0.5103851472958922,32.6646494269371,early_stop_low_success,low_success,10.0,0.0
120,1,0.53125,0.6911927820032008,0.6911927820032008,0.4144150703214109,20.67861407995224,14,1.0,0.0,1.5798761988755792,0.11500480317045,0.8050336241722107,early_stop_high_success,high_success,14.0,1.0
121,1,0.71875,0.5941300227248385,0.5941300227248385,0.3503388790413737,14.662558853626251,26,1.0,0.0,2.1298697895726635,0.361610217467387,2.531271517276764,early_stop_high_success,high_success,26.0,1.0
122,1,0.0,0.0,0.0,0.6136223757639527,39.271832048892975,10,0.0,0.0,0.0,0.5965665383264422,38.1802584528923,early_stop_low_success,low_success,10.0,0.0
123,1,0.0,0.0,0.0,0.681476192548871,43.61447632312775,10,0.0,0.0,0.0,0.6868246169760823,43.95677548646927,early_stop_low_success,low_success,10.0,0.0
124,1,0.0,0.0,0.0,0.5154910022392869,32.99142414331436,10,0.0,0.0,0.0,0.5010358719155192,32.06629580259323,early_stop_low_success,low_success,10.0,0.0
125,1,0.40625,0.6754645824509031,0.6754645824509031,0.4684272967278957,25.08434599637985,23,1.0,0.0,2.45283141619566,0.3935875975294038,2.755113184452057,early_stop_high_success,high_success,23.0,1.0
126,1,0.71875,0.5941300227248385,0.5941300227248385,0.38783434592187405,17.24457550048828,50,0.75,0.5623351446188083,17.654030877937934,0.14359968448717852,4.164214372634888,failed_train,,,
127,1,0.0,0.0,0.0,0.5208795946091413,33.336294054985046,10,0.0,0.0,0.0,0.5072901928797364,32.46657234430313,early_stop_low_success,low_success,10.0,0.0
128,1,0.0,0.0,0.0,0.6551854209974408,41.93186694383621,10,0.0,0.0,0.0,0.6231341604143381,39.88058626651764,early_stop_low_success,low_success,10.0,0.0
129,1,0.0,0.0,0.0,0.525641642510891,33.64106512069702,10,0.0,0.0,0.0,0.4972426360473037,31.823528707027435,early_stop_low_success,low_success,10.0,0.0
130,1,0.46875,0.6911927820032008,0.6911927820032008,0.4401615671813488,22.34481704235077,50,0.96875,0.1390607984547411,6.2070015066304745,0.0887864025603955,0.6215048432350159,completed,,,
131,1,0.28125,0.5941300227248385,0.5941300227248385,0.4654961903579533,27.32160121202469,22,1.0,0.0,3.0515607643474083,0.1491014542989432,1.043710172176361,early_stop_high_success,high_success,22.0,1.0
132,1,0.0,0.0,0.0,0.6235111430287361,39.90471315383911,10,0.0,0.0,0.0,0.6086625214666128,38.95440137386322,early_stop_low_success,low_success,10.0,0.0
133,1,0.0,0.0,0.0,0.7061682920902967,45.19477069377899,10,0.0,0.0,0.0,0.7055115988478065,45.15274232625961,early_stop_low_success,low_success,10.0,0.0
134,1,0.0,0.0,0.0,0.4960069740191102,31.744446337223053,10,0.0,0.0,0.0,0.5159518625587225,33.02091920375824,early_stop_low_success,low_success,10.0,0.0
135,1,0.40625,0.6754645824509031,0.6754645824509031,0.4653556211851537,24.335459530353543,11,1.0,0.0,1.7928450677146983,0.3791907436097972,8.138229131698608,early_stop_high_success,high_success,11.0,1.0
136,1,0.625,0.6615632381579821,0.6615632381579821,0.3707129328977316,16.014587700366974,23,1.0,0.0,2.508432159817656,0.2315823949866171,2.315823972225189,early_stop_high_success,high_success,23.0,1.0
137,1,0.0,0.0,0.0,0.6415213486179709,41.05736631155014,10,0.0,0.0,0.0,0.6230538841336966,39.87544858455658,early_stop_low_success,low_success,10.0,0.0
138,1,0.0,0.0,0.0,0.6347309462726116,40.62278056144714,10,0.0,0.0,0.0,0.5841686930507421,37.3867963552475,early_stop_low_success,low_success,10.0,0.0
139,1,0.0,0.0,0.0,0.5265504792332649,33.699230670928955,10,0.0,0.0,0.0,0.5007454184815288,32.04770678281784,early_stop_low_success,low_success,10.0,0.0
140,1,0.65625,0.6434915530192904,0.6434915530192904,0.3990731912199408,17.81452202796936,11,1.0,0.0,1.060673948383514,0.2414026793485391,1.6898187398910522,early_stop_high_success,high_success,11.0,1.0
141,1,0.625,0.6615632381579821,0.6615632381579821,0.3744063288904726,16.616441428661346,20,1.0,0.0,1.7801206096415834,0.2961987189733008,2.079797506332397,early_stop_high_success,high_success,20.0,1.0
142,1,0.0,0.0,0.0,0.6146017489954829,39.33451193571091,10,0.0,0.0,0.0,0.666321593336761,42.644581973552704,early_stop_low_success,low_success,10.0,0.0
143,1,0.0,0.0,0.0,0.6912582544609904,44.24052828550339,10,0.0,0.0,0.0,0.6828171061351895,43.70029479265213,early_stop_low_success,low_success,10.0,0.0
144,1,0.0,0.0,0.0,0.5185177251696587,33.185134410858154,10,0.0,0.0,0.0,0.539760890416801,34.54469698667526,early_stop_low_success,low_success,10.0,0.0
145,1,0.4375,0.6853142072764582,0.6853142072764582,0.4267394382040947,23.126337945461277,31,1.0,0.0,4.985506952456574,0.1039314168738201,0.7281297445297241,early_stop_high_success,high_success,31.0,1.0
146,1,0.5,0.6931471805599453,0.6931471805599453,0.4334242139011621,20.68167454004288,32,1.0,0.0,5.31049921304745,0.321301248488453,2.2491087317466736,early_stop_high_success,high_success,32.0,1.0
147,1,0.0,0.0,0.0,0.4904170259833336,31.38668966293335,10,0.0,0.0,0.0,0.5233387760818005,33.49368166923523,early_stop_low_success,low_success,10.0,0.0
148,1,0.0,0.0,0.0,0.6556653529405594,41.9625825881958,10,0.0,0.0,0.0,0.6317272102460265,40.4305414557457,early_stop_low_success,low_success,10.0,0.0
149,1,0.0,0.0,0.0,0.511542147025466,32.73869740962982,10,0.0,0.0,0.0,0.5298098549246788,33.90783071517944,early_stop_low_success,low_success,10.0,0.0
150,1,0.625,0.6615632381579821,0.6615632381579821,0.4074361396487802,18.96949452161789,12,1.0,0.0,1.0344156953191823,0.3316970505111385,6.965638101100922,early_stop_high_success,high_success,12.0,1.0
151,1,0.09375,0.3111291548118492,0.3111291548118492,0.5102834289427847,32.25446438789368,50,0.90625,0.3111291548118492,6.5884851623279,0.0211380868961441,0.2296609282493591,completed,,,
152,1,0.0,0.0,0.0,0.6292656464502215,40.27300137281418,10,0.0,0.0,0.0,0.6155766909942031,39.396908223629,early_stop_low_success,low_success,10.0,0.0
153,1,0.0,0.0,0.0,0.6694313501939178,42.843606412410736,10,0.0,0.0,0.0,0.6698113214224577,42.86792457103729,early_stop_low_success,low_success,10.0,0.0
154,1,0.0,0.0,0.0,0.5208428986370564,33.333945512771606,10,0.0,0.0,0.0,0.5156599013134837,33.00223368406296,early_stop_low_success,low_success,10.0,0.0
155,1,0.59375,0.6754645824509031,0.6754645824509031,0.4061366496607661,18.762854278087616,50,0.90625,0.3111291548118492,19.7237373736786,0.2468837448295175,1.730975866317749,completed,,,
156,1,0.8125,0.482577565177012,0.482577565177012,0.3418152306694537,12.160089015960692,11,1.0,0.0,1.0718283168983436,0.1139309992140624,0.7975170016288757,early_stop_high_success,high_success,11.0,1.0
157,1,0.0,0.0,0.0,0.6119210263714194,39.16294568777084,10,0.0,0.0,0.0,0.5819011237472296,37.24167191982269,early_stop_low_success,low_success,10.0,0.0
158,1,0.0,0.0,0.0,0.662624828517437,42.40798902511597,10,0.0,0.0,0.0,0.641217403113842,41.03791379928589,early_stop_low_success,low_success,10.0,0.0
159,1,0.0,0.0,0.0,0.4923072485253215,31.50766390562057,10,0.0,0.0,0.0,0.4663373427465558,29.84558993577957,early_stop_low_success,low_success,10.0,0.0
160,1,0.28125,0.5941300227248385,0.5941300227248385,0.4783528409898281,28.055664837360386,12,1.0,0.0,1.1503732165438032,0.7339179668342695,5.137425780296326,early_stop_high_success,high_success,12.0,1.0
161,1,0.6875,0.6210863745552451,0.6210863745552451,0.3744796407409012,15.248354613780975,17,1.0,0.0,3.86407774443242,0.142291307070991,0.9960391521453856,early_stop_high_success,high_success,17.0,1.0
162,1,0.0,0.0,0.0,0.5575994811952114,35.68636679649353,10,0.0,0.0,0.0,0.5671369805932045,36.29676675796509,early_stop_low_success,low_success,10.0,0.0
163,1,0.0,0.0,0.0,0.6814227504655719,43.6110560297966,10,0.0,0.0,0.0,0.6917447485029697,44.27166390419006,early_stop_low_success,low_success,10.0,0.0
164,1,0.0,0.0,0.0,0.5228595342487097,33.46301019191742,10,0.0,0.0,0.0,0.514789211563766,32.946509540081024,early_stop_low_success,low_success,10.0,0.0
165,1,0.34375,0.6434915530192904,0.6434915530192904,0.5028596433112398,25.421558797359467,14,1.0,0.0,1.4374441096399506,0.041394954896532,0.8692940473556519,early_stop_high_success,high_success,14.0,1.0
166,1,0.40625,0.6754645824509031,0.6754645824509031,0.4543583495542407,24.723232328891758,50,1.0,0.0,9.684981821250224,0.4164087084086532,2.914860963821411,completed,,,
167,1,0.0,0.0,0.0,0.6174176260828972,39.51472806930542,10,0.0,0.0,0.0,0.6279760878533125,40.190469622612,early_stop_low_success,low_success,10.0,0.0
168,1,0.0,0.0,0.0,0.6454791268333793,41.31066411733627,10,0.0,0.0,0.0,0.6680297059938312,42.7539011836052,early_stop_low_success,low_success,10.0,0.0
169,1,0.0,0.0,0.0,0.4809783268719911,30.782612919807438,10,0.0,0.0,0.0,0.4987315814942121,31.918821215629578,early_stop_low_success,low_success,10.0,0.0
170,1,0.46875,0.6911927820032008,0.6911927820032008,0.4458122220821678,23.27631038427353,23,1.0,0.0,2.2269325488510257,0.2874177776102442,2.01192444562912,early_stop_high_success,high_success,23.0,1.0
171,1,0.9375,0.2337916587064593,0.2337916587064593,0.323607994010672,8.540711760520935,15,1.0,0.0,1.0238265112318832,0.5804755598655902,4.063328921794891,early_stop_high_success,high_success,15.0,1.0
172,1,0.0,0.0,0.0,0.5775239337235689,36.96153175830841,10,0.0,0.0,0.0,0.5797208296135068,37.10213309526444,early_stop_low_success,low_success,10.0,0.0
173,1,0.0,0.0,0.0,0.6953418217599392,44.50187659263611,10,0.0,0.0,0.0,0.6960797850042582,44.54910624027252,early_stop_low_success,low_success,10.0,0.0
174,1,0.0,0.0,0.0,0.5006109168753028,32.03909868001938,10,0.0,0.0,0.0,0.5236972533166409,33.516624212265015,early_stop_low_success,low_success,10.0,0.0
175,1,0.34375,0.6434915530192904,0.6434915530192904,0.479863845044747,24.746143341064453,25,1.0,0.0,2.0551647691764674,0.2620010197424562,1.834007143974304,early_stop_high_success,high_success,25.0,1.0
176,1,0.375,0.6615632381579821,0.6615632381579821,0.445992402266711,23.769276678562164,22,1.0,0.0,4.791242288457649,0.2919593714323127,2.043715596199036,early_stop_high_success,high_success,22.0,1.0
177,1,0.0,0.0,0.0,0.6018590843304992,38.51898139715195,10,0.0,0.0,0.0,0.6121178390458226,39.17554169893265,early_stop_low_success,low_success,10.0,0.0
178,1,0.0,0.0,0.0,0.6310704834759235,40.38851094245911,10,0.0,0.0,0.0,0.6391826998442411,40.90769279003143,early_stop_low_success,low_success,10.0,0.0
179,1,0.0,0.0,0.0,0.5228027198463678,33.45937407016754,10,0.0,0.0,0.0,0.4677568431943655,29.936437964439392,early_stop_low_success,low_success,10.0,0.0
180,1,0.46875,0.6911927820032008,0.6911927820032008,0.4303747138474136,22.17759615182877,9,1.0,0.0,1.00232193681505,0.4435985286254436,3.2241832613945007,early_stop_high_success,high_success,9.0,1.0
181,1,0.5,0.6931471805599453,0.6931471805599453,0.3926565418951213,18.707263946533203,19,1.0,0.0,2.0937438530482653,0.2672156258777249,1.9475836753845213,early_stop_high_success,high_success,19.0,1.0
182,1,0.0,0.0,0.0,0.4655970567837357,29.798211634159088,10,0.0,0.0,0.0,0.4831617986783385,30.922355115413666,early_stop_low_success,low_success,10.0,0.0
183,1,0.0,0.0,0.0,0.7032638797536492,45.00888830423355,10,0.0,0.0,0.0,0.7029538247734308,44.98904478549957,early_stop_low_success,low_success,10.0,0.0
184,1,0.0,0.0,0.0,0.5237527107819915,33.520173490047455,10,0.0,0.0,0.0,0.5448293145745993,34.86907613277435,early_stop_low_success,low_success,10.0,0.0
185,1,0.375,0.6615632381579821,0.6615632381579821,0.4541979866335168,24.71006047725677,9,1.0,0.0,1.17739419786916,0.3089935709140263,6.48886501789093,early_stop_high_success,high_success,9.0,1.0
186,1,0.6875,0.6210863745552451,0.6210863745552451,0.4073236659169197,16.535937905311584,50,0.46875,0.6911927820032008,29.585108938927853,0.0472198600182309,2.970296561717987,completed,,,
187,1,0.0,0.0,0.0,0.6177656967192888,39.537004590034485,10,0.0,0.0,0.0,0.6393803423270583,40.92034190893173,early_stop_low_success,low_success,10.0,0.0
188,1,0.0,0.0,0.0,0.6783109279349446,43.411899387836456,10,0.0,0.0,0.0,0.6684913942590356,42.78344923257828,early_stop_low_success,low_success,10.0,0.0
189,1,0.0,0.0,0.0,0.5241343146190047,33.5445961356163,10,0.0,0.0,0.0,0.4934020144864917,31.577728927135468,early_stop_low_success,low_success,10.0,0.0
190,1,0.46875,0.6911927820032008,0.6911927820032008,0.4627252423670143,24.34723788499832,12,1.0,0.0,1.2361135955215092,0.2471009504515677,5.18911999464035,early_stop_high_success,high_success,12.0,1.0
191,1,0.9375,0.2337916587064593,0.2337916587064593,0.3277490371838212,9.300865650177002,9,1.0,0.0,0.5449208135183086,0.4918910877895541,5.147832214832306,early_stop_high_success,high_success,9.0,1.0
192,1,0.0,0.0,0.0,0.6399304578080773,40.95554929971695,10,0.0,0.0,0.0,0.6561937695369124,41.9964012503624,early_stop_low_success,low_success,10.0,0.0
193,1,0.0,0.0,0.0,0.6817188477143645,43.63000625371933,10,0.0,0.0,0.0,0.6810426749289036,43.58673119544983,early_stop_low_success,low_success,10.0,0.0
194,1,0.0,0.0,0.0,0.5049244314432144,32.31516361236572,10,0.0,0.0,0.0,0.5044343769550323,32.28380012512207,early_stop_low_success,low_success,10.0,0.0
195,1,0.21875,0.5253213195155949,0.5253213195155949,0.5039329660357907,27.171582520008087,10,1.0,0.0,1.694300580002063,0.198384276824072,4.768376886844635,early_stop_high_success,high_success,10.0,1.0
196,1,0.375,0.6615632381579821,0.6615632381579821,0.4153105709701776,22.990597546100616,9,1.0,0.0,1.17739419786916,0.4456626285100356,3.240616202354431,early_stop_high_success,high_success,9.0,1.0
197,1,0.0,0.0,0.0,0.6387005057185888,40.876832365989685,10,0.0,0.0,0.0,0.6116341259330511,39.14458405971527,early_stop_low_success,low_success,10.0,0.0
198,1,0.0,0.0,0.0,0.6424686955288053,41.117996513843536,10,0.0,0.0,0.0,0.6387997856363654,40.88318628072739,early_stop_low_success,low_success,10.0,0.0
199,1,0.0,0.0,0.0,0.5165004590526223,33.05602937936783,10,0.0,0.0,0.0,0.5156623674556613,33.00239151716232,early_stop_low_success,low_success,10.0,0.0
