source_problem,target_problem,initial_step,final_step,target_p_initial,target_p_final,delta_p,positive_delta_p,source_num_steps,source_p_start,source_p_final,source_p_max,source_H_sum_bits,source_H_mean_bits,source_H_max_bits,info_weighted_delta_bits,info_weighted_positive_bits,info_dir,validation_dir,has_target_initial,has_target_final,target_p_common_initial,delta_p_vs_common_initial,positive_delta_p_vs_common_initial,info_weighted_positive_common_bits
12592,12592,0,40,0.0625,1.0,0.9375,0.9375,40,0.125,0.9375,1.0,26.16477894721329,0.6541194736803322,1.0,24.52948026301246,24.52948026301246,/mnt/shared-storage-user/safewt-share/sunyoubang/verl-agent-run-logs/transfer-matrix8-20260603-173013/runs/transfer-matrix8-src12592-20260603-173013/verl_run/ckpts/DAPO-InfoGain/qwen35_0p8b_matrix8_src12592_rollout32_step40/info_metrics,/mnt/shared-storage-user/safewt-share/sunyoubang/verl-agent-run-logs/transfer-matrix8-20260603-173013/runs/transfer-matrix8-src12592-20260603-173013/verl_run/ckpts/DAPO-InfoGain/qwen35_0p8b_matrix8_src12592_rollout32_step40/validation,True,True,0.0390625,0.9609375,0.9609375,25.14271726958777
12592,12008,0,40,0.0,0.0,0.0,0.0,40,0.125,0.9375,1.0,26.16477894721329,0.6541194736803322,1.0,0.0,0.0,/mnt/shared-storage-user/safewt-share/sunyoubang/verl-agent-run-logs/transfer-matrix8-20260603-173013/runs/transfer-matrix8-src12592-20260603-173013/verl_run/ckpts/DAPO-InfoGain/qwen35_0p8b_matrix8_src12592_rollout32_step40/info_metrics,/mnt/shared-storage-user/safewt-share/sunyoubang/verl-agent-run-logs/transfer-matrix8-20260603-173013/runs/transfer-matrix8-src12592-20260603-173013/verl_run/ckpts/DAPO-InfoGain/qwen35_0p8b_matrix8_src12592_rollout32_step40/validation,True,True,0.015625,-0.015625,0.0,0.0
12592,11149,0,40,0.5625,0.4375,-0.125,0.0,40,0.125,0.9375,1.0,26.16477894721329,0.6541194736803322,1.0,-3.270597368401661,0.0,/mnt/shared-storage-user/safewt-share/sunyoubang/verl-agent-run-logs/transfer-matrix8-20260603-173013/runs/transfer-matrix8-src12592-20260603-173013/verl_run/ckpts/DAPO-InfoGain/qwen35_0p8b_matrix8_src12592_rollout32_step40/info_metrics,/mnt/shared-storage-user/safewt-share/sunyoubang/verl-agent-run-logs/transfer-matrix8-20260603-173013/runs/transfer-matrix8-src12592-20260603-173013/verl_run/ckpts/DAPO-InfoGain/qwen35_0p8b_matrix8_src12592_rollout32_step40/validation,True,True,0.4375,0.0,0.0,0.0
12592,14376,0,40,0.0625,0.25,0.1875,0.1875,40,0.125,0.9375,1.0,26.16477894721329,0.6541194736803322,1.0,4.9058960526024915,4.9058960526024915,/mnt/shared-storage-user/safewt-share/sunyoubang/verl-agent-run-logs/transfer-matrix8-20260603-173013/runs/transfer-matrix8-src12592-20260603-173013/verl_run/ckpts/DAPO-InfoGain/qwen35_0p8b_matrix8_src12592_rollout32_step40/info_metrics,/mnt/shared-storage-user/safewt-share/sunyoubang/verl-agent-run-logs/transfer-matrix8-20260603-173013/runs/transfer-matrix8-src12592-20260603-173013/verl_run/ckpts/DAPO-InfoGain/qwen35_0p8b_matrix8_src12592_rollout32_step40/validation,True,True,0.03125,0.21875,0.21875,5.723545394702907
12592,11522,0,40,0.0,0.0,0.0,0.0,40,0.125,0.9375,1.0,26.16477894721329,0.6541194736803322,1.0,0.0,0.0,/mnt/shared-storage-user/safewt-share/sunyoubang/verl-agent-run-logs/transfer-matrix8-20260603-173013/runs/transfer-matrix8-src12592-20260603-173013/verl_run/ckpts/DAPO-InfoGain/qwen35_0p8b_matrix8_src12592_rollout32_step40/info_metrics,/mnt/shared-storage-user/safewt-share/sunyoubang/verl-agent-run-logs/transfer-matrix8-20260603-173013/runs/transfer-matrix8-src12592-20260603-173013/verl_run/ckpts/DAPO-InfoGain/qwen35_0p8b_matrix8_src12592_rollout32_step40/validation,True,True,0.0078125,-0.0078125,0.0,0.0
12592,9483,0,40,0.0,0.0625,0.0625,0.0625,40,0.125,0.9375,1.0,26.16477894721329,0.6541194736803322,1.0,1.6352986842008306,1.6352986842008306,/mnt/shared-storage-user/safewt-share/sunyoubang/verl-agent-run-logs/transfer-matrix8-20260603-173013/runs/transfer-matrix8-src12592-20260603-173013/verl_run/ckpts/DAPO-InfoGain/qwen35_0p8b_matrix8_src12592_rollout32_step40/info_metrics,/mnt/shared-storage-user/safewt-share/sunyoubang/verl-agent-run-logs/transfer-matrix8-20260603-173013/runs/transfer-matrix8-src12592-20260603-173013/verl_run/ckpts/DAPO-InfoGain/qwen35_0p8b_matrix8_src12592_rollout32_step40/validation,True,True,0.0,0.0625,0.0625,1.6352986842008306
12592,3595,0,40,0.1875,0.0625,-0.125,0.0,40,0.125,0.9375,1.0,26.16477894721329,0.6541194736803322,1.0,-3.270597368401661,0.0,/mnt/shared-storage-user/safewt-share/sunyoubang/verl-agent-run-logs/transfer-matrix8-20260603-173013/runs/transfer-matrix8-src12592-20260603-173013/verl_run/ckpts/DAPO-InfoGain/qwen35_0p8b_matrix8_src12592_rollout32_step40/info_metrics,/mnt/shared-storage-user/safewt-share/sunyoubang/verl-agent-run-logs/transfer-matrix8-20260603-173013/runs/transfer-matrix8-src12592-20260603-173013/verl_run/ckpts/DAPO-InfoGain/qwen35_0p8b_matrix8_src12592_rollout32_step40/validation,True,True,0.359375,-0.296875,0.0,0.0
12592,9337,0,40,0.3125,0.4375,0.125,0.125,40,0.125,0.9375,1.0,26.16477894721329,0.6541194736803322,1.0,3.270597368401661,3.270597368401661,/mnt/shared-storage-user/safewt-share/sunyoubang/verl-agent-run-logs/transfer-matrix8-20260603-173013/runs/transfer-matrix8-src12592-20260603-173013/verl_run/ckpts/DAPO-InfoGain/qwen35_0p8b_matrix8_src12592_rollout32_step40/info_metrics,/mnt/shared-storage-user/safewt-share/sunyoubang/verl-agent-run-logs/transfer-matrix8-20260603-173013/runs/transfer-matrix8-src12592-20260603-173013/verl_run/ckpts/DAPO-InfoGain/qwen35_0p8b_matrix8_src12592_rollout32_step40/validation,True,True,0.4453125,-0.0078125,0.0,0.0
12008,12592,0,40,0.0,0.0625,0.0625,0.0625,40,0.03125,1.0,1.0,12.318719187242577,0.30796797968106443,0.9744894033980523,0.769919949202661,0.769919949202661,/mnt/shared-storage-user/safewt-share/sunyoubang/verl-agent-run-logs/transfer-matrix8-20260603-173013/runs/transfer-matrix8-src12008-20260603-173013/verl_run/ckpts/DAPO-InfoGain/qwen35_0p8b_matrix8_src12008_rollout32_step40/info_metrics,/mnt/shared-storage-user/safewt-share/sunyoubang/verl-agent-run-logs/transfer-matrix8-20260603-173013/runs/transfer-matrix8-src12008-20260603-173013/verl_run/ckpts/DAPO-InfoGain/qwen35_0p8b_matrix8_src12008_rollout32_step40/validation,True,True,0.0390625,0.0234375,0.0234375,0.2887199809509979
12008,12008,0,40,0.0,1.0,1.0,1.0,40,0.03125,1.0,1.0,12.318719187242577,0.30796797968106443,0.9744894033980523,12.318719187242577,12.318719187242577,/mnt/shared-storage-user/safewt-share/sunyoubang/verl-agent-run-logs/transfer-matrix8-20260603-173013/runs/transfer-matrix8-src12008-20260603-173013/verl_run/ckpts/DAPO-InfoGain/qwen35_0p8b_matrix8_src12008_rollout32_step40/info_metrics,/mnt/shared-storage-user/safewt-share/sunyoubang/verl-agent-run-logs/transfer-matrix8-20260603-173013/runs/transfer-matrix8-src12008-20260603-173013/verl_run/ckpts/DAPO-InfoGain/qwen35_0p8b_matrix8_src12008_rollout32_step40/validation,True,True,0.015625,0.984375,0.984375,12.126239199941912
12008,11149,0,40,0.375,0.25,-0.125,0.0,40,0.03125,1.0,1.0,12.318719187242577,0.30796797968106443,0.9744894033980523,-1.539839898405322,0.0,/mnt/shared-storage-user/safewt-share/sunyoubang/verl-agent-run-logs/transfer-matrix8-20260603-173013/runs/transfer-matrix8-src12008-20260603-173013/verl_run/ckpts/DAPO-InfoGain/qwen35_0p8b_matrix8_src12008_rollout32_step40/info_metrics,/mnt/shared-storage-user/safewt-share/sunyoubang/verl-agent-run-logs/transfer-matrix8-20260603-173013/runs/transfer-matrix8-src12008-20260603-173013/verl_run/ckpts/DAPO-InfoGain/qwen35_0p8b_matrix8_src12008_rollout32_step40/validation,True,True,0.4375,-0.1875,0.0,0.0
12008,14376,0,40,0.0625,0.25,0.1875,0.1875,40,0.03125,1.0,1.0,12.318719187242577,0.30796797968106443,0.9744894033980523,2.309759847607983,2.309759847607983,/mnt/shared-storage-user/safewt-share/sunyoubang/verl-agent-run-logs/transfer-matrix8-20260603-173013/runs/transfer-matrix8-src12008-20260603-173013/verl_run/ckpts/DAPO-InfoGain/qwen35_0p8b_matrix8_src12008_rollout32_step40/info_metrics,/mnt/shared-storage-user/safewt-share/sunyoubang/verl-agent-run-logs/transfer-matrix8-20260603-173013/runs/transfer-matrix8-src12008-20260603-173013/verl_run/ckpts/DAPO-InfoGain/qwen35_0p8b_matrix8_src12008_rollout32_step40/validation,True,True,0.03125,0.21875,0.21875,2.6947198222093136
12008,11522,0,40,0.0,0.1875,0.1875,0.1875,40,0.03125,1.0,1.0,12.318719187242577,0.30796797968106443,0.9744894033980523,2.309759847607983,2.309759847607983,/mnt/shared-storage-user/safewt-share/sunyoubang/verl-agent-run-logs/transfer-matrix8-20260603-173013/runs/transfer-matrix8-src12008-20260603-173013/verl_run/ckpts/DAPO-InfoGain/qwen35_0p8b_matrix8_src12008_rollout32_step40/info_metrics,/mnt/shared-storage-user/safewt-share/sunyoubang/verl-agent-run-logs/transfer-matrix8-20260603-173013/runs/transfer-matrix8-src12008-20260603-173013/verl_run/ckpts/DAPO-InfoGain/qwen35_0p8b_matrix8_src12008_rollout32_step40/validation,True,True,0.0078125,0.1796875,0.1796875,2.2135198539576506
12008,9483,0,40,0.0,0.0,0.0,0.0,40,0.03125,1.0,1.0,12.318719187242577,0.30796797968106443,0.9744894033980523,0.0,0.0,/mnt/shared-storage-user/safewt-share/sunyoubang/verl-agent-run-logs/transfer-matrix8-20260603-173013/runs/transfer-matrix8-src12008-20260603-173013/verl_run/ckpts/DAPO-InfoGain/qwen35_0p8b_matrix8_src12008_rollout32_step40/info_metrics,/mnt/shared-storage-user/safewt-share/sunyoubang/verl-agent-run-logs/transfer-matrix8-20260603-173013/runs/transfer-matrix8-src12008-20260603-173013/verl_run/ckpts/DAPO-InfoGain/qwen35_0p8b_matrix8_src12008_rollout32_step40/validation,True,True,0.0,0.0,0.0,0.0
12008,3595,0,40,0.5,0.0,-0.5,0.0,40,0.03125,1.0,1.0,12.318719187242577,0.30796797968106443,0.9744894033980523,-6.159359593621288,0.0,/mnt/shared-storage-user/safewt-share/sunyoubang/verl-agent-run-logs/transfer-matrix8-20260603-173013/runs/transfer-matrix8-src12008-20260603-173013/verl_run/ckpts/DAPO-InfoGain/qwen35_0p8b_matrix8_src12008_rollout32_step40/info_metrics,/mnt/shared-storage-user/safewt-share/sunyoubang/verl-agent-run-logs/transfer-matrix8-20260603-173013/runs/transfer-matrix8-src12008-20260603-173013/verl_run/ckpts/DAPO-InfoGain/qwen35_0p8b_matrix8_src12008_rollout32_step40/validation,True,True,0.359375,-0.359375,0.0,0.0
12008,9337,0,40,0.4375,0.4375,0.0,0.0,40,0.03125,1.0,1.0,12.318719187242577,0.30796797968106443,0.9744894033980523,0.0,0.0,/mnt/shared-storage-user/safewt-share/sunyoubang/verl-agent-run-logs/transfer-matrix8-20260603-173013/runs/transfer-matrix8-src12008-20260603-173013/verl_run/ckpts/DAPO-InfoGain/qwen35_0p8b_matrix8_src12008_rollout32_step40/info_metrics,/mnt/shared-storage-user/safewt-share/sunyoubang/verl-agent-run-logs/transfer-matrix8-20260603-173013/runs/transfer-matrix8-src12008-20260603-173013/verl_run/ckpts/DAPO-InfoGain/qwen35_0p8b_matrix8_src12008_rollout32_step40/validation,True,True,0.4453125,-0.0078125,0.0,0.0
11149,12592,0,40,0.125,0.1875,0.0625,0.0625,40,0.25,1.0,1.0,20.92160751107073,0.5230401877767682,0.9886994082884974,1.3076004694419205,1.3076004694419205,/mnt/shared-storage-user/safewt-share/sunyoubang/verl-agent-run-logs/transfer-matrix8-20260603-173013/runs/transfer-matrix8-src11149-20260603-173013/verl_run/ckpts/DAPO-InfoGain/qwen35_0p8b_matrix8_src11149_rollout32_step40/info_metrics,/mnt/shared-storage-user/safewt-share/sunyoubang/verl-agent-run-logs/transfer-matrix8-20260603-173013/runs/transfer-matrix8-src11149-20260603-173013/verl_run/ckpts/DAPO-InfoGain/qwen35_0p8b_matrix8_src11149_rollout32_step40/validation,True,True,0.0390625,0.1484375,0.1484375,3.105551114924561
11149,12008,0,40,0.0,0.0625,0.0625,0.0625,40,0.25,1.0,1.0,20.92160751107073,0.5230401877767682,0.9886994082884974,1.3076004694419205,1.3076004694419205,/mnt/shared-storage-user/safewt-share/sunyoubang/verl-agent-run-logs/transfer-matrix8-20260603-173013/runs/transfer-matrix8-src11149-20260603-173013/verl_run/ckpts/DAPO-InfoGain/qwen35_0p8b_matrix8_src11149_rollout32_step40/info_metrics,/mnt/shared-storage-user/safewt-share/sunyoubang/verl-agent-run-logs/transfer-matrix8-20260603-173013/runs/transfer-matrix8-src11149-20260603-173013/verl_run/ckpts/DAPO-InfoGain/qwen35_0p8b_matrix8_src11149_rollout32_step40/validation,True,True,0.015625,0.046875,0.046875,0.9807003520814404
11149,11149,0,40,0.5,0.9375,0.4375,0.4375,40,0.25,1.0,1.0,20.92160751107073,0.5230401877767682,0.9886994082884974,9.153203286093444,9.153203286093444,/mnt/shared-storage-user/safewt-share/sunyoubang/verl-agent-run-logs/transfer-matrix8-20260603-173013/runs/transfer-matrix8-src11149-20260603-173013/verl_run/ckpts/DAPO-InfoGain/qwen35_0p8b_matrix8_src11149_rollout32_step40/info_metrics,/mnt/shared-storage-user/safewt-share/sunyoubang/verl-agent-run-logs/transfer-matrix8-20260603-173013/runs/transfer-matrix8-src11149-20260603-173013/verl_run/ckpts/DAPO-InfoGain/qwen35_0p8b_matrix8_src11149_rollout32_step40/validation,True,True,0.4375,0.5,0.5,10.460803755535364
11149,14376,0,40,0.125,0.0625,-0.0625,0.0,40,0.25,1.0,1.0,20.92160751107073,0.5230401877767682,0.9886994082884974,-1.3076004694419205,0.0,/mnt/shared-storage-user/safewt-share/sunyoubang/verl-agent-run-logs/transfer-matrix8-20260603-173013/runs/transfer-matrix8-src11149-20260603-173013/verl_run/ckpts/DAPO-InfoGain/qwen35_0p8b_matrix8_src11149_rollout32_step40/info_metrics,/mnt/shared-storage-user/safewt-share/sunyoubang/verl-agent-run-logs/transfer-matrix8-20260603-173013/runs/transfer-matrix8-src11149-20260603-173013/verl_run/ckpts/DAPO-InfoGain/qwen35_0p8b_matrix8_src11149_rollout32_step40/validation,True,True,0.03125,0.03125,0.03125,0.6538002347209603
11149,11522,0,40,0.0,0.0,0.0,0.0,40,0.25,1.0,1.0,20.92160751107073,0.5230401877767682,0.9886994082884974,0.0,0.0,/mnt/shared-storage-user/safewt-share/sunyoubang/verl-agent-run-logs/transfer-matrix8-20260603-173013/runs/transfer-matrix8-src11149-20260603-173013/verl_run/ckpts/DAPO-InfoGain/qwen35_0p8b_matrix8_src11149_rollout32_step40/info_metrics,/mnt/shared-storage-user/safewt-share/sunyoubang/verl-agent-run-logs/transfer-matrix8-20260603-173013/runs/transfer-matrix8-src11149-20260603-173013/verl_run/ckpts/DAPO-InfoGain/qwen35_0p8b_matrix8_src11149_rollout32_step40/validation,True,True,0.0078125,-0.0078125,0.0,0.0
11149,9483,0,40,0.0,0.0,0.0,0.0,40,0.25,1.0,1.0,20.92160751107073,0.5230401877767682,0.9886994082884974,0.0,0.0,/mnt/shared-storage-user/safewt-share/sunyoubang/verl-agent-run-logs/transfer-matrix8-20260603-173013/runs/transfer-matrix8-src11149-20260603-173013/verl_run/ckpts/DAPO-InfoGain/qwen35_0p8b_matrix8_src11149_rollout32_step40/info_metrics,/mnt/shared-storage-user/safewt-share/sunyoubang/verl-agent-run-logs/transfer-matrix8-20260603-173013/runs/transfer-matrix8-src11149-20260603-173013/verl_run/ckpts/DAPO-InfoGain/qwen35_0p8b_matrix8_src11149_rollout32_step40/validation,True,True,0.0,0.0,0.0,0.0
11149,3595,0,40,0.3125,0.625,0.3125,0.3125,40,0.25,1.0,1.0,20.92160751107073,0.5230401877767682,0.9886994082884974,6.538002347209603,6.538002347209603,/mnt/shared-storage-user/safewt-share/sunyoubang/verl-agent-run-logs/transfer-matrix8-20260603-173013/runs/transfer-matrix8-src11149-20260603-173013/verl_run/ckpts/DAPO-InfoGain/qwen35_0p8b_matrix8_src11149_rollout32_step40/info_metrics,/mnt/shared-storage-user/safewt-share/sunyoubang/verl-agent-run-logs/transfer-matrix8-20260603-173013/runs/transfer-matrix8-src11149-20260603-173013/verl_run/ckpts/DAPO-InfoGain/qwen35_0p8b_matrix8_src11149_rollout32_step40/validation,True,True,0.359375,0.265625,0.265625,5.557301995128162
11149,9337,0,40,0.8125,0.875,0.0625,0.0625,40,0.25,1.0,1.0,20.92160751107073,0.5230401877767682,0.9886994082884974,1.3076004694419205,1.3076004694419205,/mnt/shared-storage-user/safewt-share/sunyoubang/verl-agent-run-logs/transfer-matrix8-20260603-173013/runs/transfer-matrix8-src11149-20260603-173013/verl_run/ckpts/DAPO-InfoGain/qwen35_0p8b_matrix8_src11149_rollout32_step40/info_metrics,/mnt/shared-storage-user/safewt-share/sunyoubang/verl-agent-run-logs/transfer-matrix8-20260603-173013/runs/transfer-matrix8-src11149-20260603-173013/verl_run/ckpts/DAPO-InfoGain/qwen35_0p8b_matrix8_src11149_rollout32_step40/validation,True,True,0.4453125,0.4296875,0.4296875,8.989753227413203
14376,12592,0,40,0.0625,0.0,-0.0625,0.0,40,0.0625,0.90625,0.96875,27.907460734549,0.6976865183637251,1.0,-1.7442162959093126,0.0,/mnt/shared-storage-user/safewt-share/sunyoubang/verl-agent-run-logs/transfer-matrix8-20260603-173013/runs/transfer-matrix8-src14376-20260603-173013/verl_run/ckpts/DAPO-InfoGain/qwen35_0p8b_matrix8_src14376_rollout32_step40/info_metrics,/mnt/shared-storage-user/safewt-share/sunyoubang/verl-agent-run-logs/transfer-matrix8-20260603-173013/runs/transfer-matrix8-src14376-20260603-173013/verl_run/ckpts/DAPO-InfoGain/qwen35_0p8b_matrix8_src14376_rollout32_step40/validation,True,True,0.0390625,-0.0390625,0.0,0.0
14376,12008,0,40,0.0,0.1875,0.1875,0.1875,40,0.0625,0.90625,0.96875,27.907460734549,0.6976865183637251,1.0,5.232648887727938,5.232648887727938,/mnt/shared-storage-user/safewt-share/sunyoubang/verl-agent-run-logs/transfer-matrix8-20260603-173013/runs/transfer-matrix8-src14376-20260603-173013/verl_run/ckpts/DAPO-InfoGain/qwen35_0p8b_matrix8_src14376_rollout32_step40/info_metrics,/mnt/shared-storage-user/safewt-share/sunyoubang/verl-agent-run-logs/transfer-matrix8-20260603-173013/runs/transfer-matrix8-src14376-20260603-173013/verl_run/ckpts/DAPO-InfoGain/qwen35_0p8b_matrix8_src14376_rollout32_step40/validation,True,True,0.015625,0.171875,0.171875,4.79659481375061
14376,11149,0,40,0.4375,0.0,-0.4375,0.0,40,0.0625,0.90625,0.96875,27.907460734549,0.6976865183637251,1.0,-12.209514071365188,0.0,/mnt/shared-storage-user/safewt-share/sunyoubang/verl-agent-run-logs/transfer-matrix8-20260603-173013/runs/transfer-matrix8-src14376-20260603-173013/verl_run/ckpts/DAPO-InfoGain/qwen35_0p8b_matrix8_src14376_rollout32_step40/info_metrics,/mnt/shared-storage-user/safewt-share/sunyoubang/verl-agent-run-logs/transfer-matrix8-20260603-173013/runs/transfer-matrix8-src14376-20260603-173013/verl_run/ckpts/DAPO-InfoGain/qwen35_0p8b_matrix8_src14376_rollout32_step40/validation,True,True,0.4375,-0.4375,0.0,0.0
14376,14376,0,40,0.0,1.0,1.0,1.0,40,0.0625,0.90625,0.96875,27.907460734549,0.6976865183637251,1.0,27.907460734549,27.907460734549,/mnt/shared-storage-user/safewt-share/sunyoubang/verl-agent-run-logs/transfer-matrix8-20260603-173013/runs/transfer-matrix8-src14376-20260603-173013/verl_run/ckpts/DAPO-InfoGain/qwen35_0p8b_matrix8_src14376_rollout32_step40/info_metrics,/mnt/shared-storage-user/safewt-share/sunyoubang/verl-agent-run-logs/transfer-matrix8-20260603-173013/runs/transfer-matrix8-src14376-20260603-173013/verl_run/ckpts/DAPO-InfoGain/qwen35_0p8b_matrix8_src14376_rollout32_step40/validation,True,True,0.03125,0.96875,0.96875,27.035352586594346
14376,11522,0,40,0.0,0.0,0.0,0.0,40,0.0625,0.90625,0.96875,27.907460734549,0.6976865183637251,1.0,0.0,0.0,/mnt/shared-storage-user/safewt-share/sunyoubang/verl-agent-run-logs/transfer-matrix8-20260603-173013/runs/transfer-matrix8-src14376-20260603-173013/verl_run/ckpts/DAPO-InfoGain/qwen35_0p8b_matrix8_src14376_rollout32_step40/info_metrics,/mnt/shared-storage-user/safewt-share/sunyoubang/verl-agent-run-logs/transfer-matrix8-20260603-173013/runs/transfer-matrix8-src14376-20260603-173013/verl_run/ckpts/DAPO-InfoGain/qwen35_0p8b_matrix8_src14376_rollout32_step40/validation,True,True,0.0078125,-0.0078125,0.0,0.0
14376,9483,0,40,0.0,0.0,0.0,0.0,40,0.0625,0.90625,0.96875,27.907460734549,0.6976865183637251,1.0,0.0,0.0,/mnt/shared-storage-user/safewt-share/sunyoubang/verl-agent-run-logs/transfer-matrix8-20260603-173013/runs/transfer-matrix8-src14376-20260603-173013/verl_run/ckpts/DAPO-InfoGain/qwen35_0p8b_matrix8_src14376_rollout32_step40/info_metrics,/mnt/shared-storage-user/safewt-share/sunyoubang/verl-agent-run-logs/transfer-matrix8-20260603-173013/runs/transfer-matrix8-src14376-20260603-173013/verl_run/ckpts/DAPO-InfoGain/qwen35_0p8b_matrix8_src14376_rollout32_step40/validation,True,True,0.0,0.0,0.0,0.0
14376,3595,0,40,0.375,0.3125,-0.0625,0.0,40,0.0625,0.90625,0.96875,27.907460734549,0.6976865183637251,1.0,-1.7442162959093126,0.0,/mnt/shared-storage-user/safewt-share/sunyoubang/verl-agent-run-logs/transfer-matrix8-20260603-173013/runs/transfer-matrix8-src14376-20260603-173013/verl_run/ckpts/DAPO-InfoGain/qwen35_0p8b_matrix8_src14376_rollout32_step40/info_metrics,/mnt/shared-storage-user/safewt-share/sunyoubang/verl-agent-run-logs/transfer-matrix8-20260603-173013/runs/transfer-matrix8-src14376-20260603-173013/verl_run/ckpts/DAPO-InfoGain/qwen35_0p8b_matrix8_src14376_rollout32_step40/validation,True,True,0.359375,-0.046875,0.0,0.0
14376,9337,0,40,0.375,0.4375,0.0625,0.0625,40,0.0625,0.90625,0.96875,27.907460734549,0.6976865183637251,1.0,1.7442162959093126,1.7442162959093126,/mnt/shared-storage-user/safewt-share/sunyoubang/verl-agent-run-logs/transfer-matrix8-20260603-173013/runs/transfer-matrix8-src14376-20260603-173013/verl_run/ckpts/DAPO-InfoGain/qwen35_0p8b_matrix8_src14376_rollout32_step40/info_metrics,/mnt/shared-storage-user/safewt-share/sunyoubang/verl-agent-run-logs/transfer-matrix8-20260603-173013/runs/transfer-matrix8-src14376-20260603-173013/verl_run/ckpts/DAPO-InfoGain/qwen35_0p8b_matrix8_src14376_rollout32_step40/validation,True,True,0.4453125,-0.0078125,0.0,0.0
11522,12592,0,40,0.0625,0.0,-0.0625,0.0,40,0.0,1.0,1.0,4.022062708057727,0.10055156770144318,0.8960382325345574,-0.25137891925360795,0.0,/mnt/shared-storage-user/safewt-share/sunyoubang/verl-agent-run-logs/transfer-matrix8-20260603-173013/runs/transfer-matrix8-src11522-20260603-173013/verl_run/ckpts/DAPO-InfoGain/qwen35_0p8b_matrix8_src11522_rollout32_step40/info_metrics,/mnt/shared-storage-user/safewt-share/sunyoubang/verl-agent-run-logs/transfer-matrix8-20260603-173013/runs/transfer-matrix8-src11522-20260603-173013/verl_run/ckpts/DAPO-InfoGain/qwen35_0p8b_matrix8_src11522_rollout32_step40/validation,True,True,0.0390625,-0.0390625,0.0,0.0
11522,12008,0,40,0.0,0.0,0.0,0.0,40,0.0,1.0,1.0,4.022062708057727,0.10055156770144318,0.8960382325345574,0.0,0.0,/mnt/shared-storage-user/safewt-share/sunyoubang/verl-agent-run-logs/transfer-matrix8-20260603-173013/runs/transfer-matrix8-src11522-20260603-173013/verl_run/ckpts/DAPO-InfoGain/qwen35_0p8b_matrix8_src11522_rollout32_step40/info_metrics,/mnt/shared-storage-user/safewt-share/sunyoubang/verl-agent-run-logs/transfer-matrix8-20260603-173013/runs/transfer-matrix8-src11522-20260603-173013/verl_run/ckpts/DAPO-InfoGain/qwen35_0p8b_matrix8_src11522_rollout32_step40/validation,True,True,0.015625,-0.015625,0.0,0.0
11522,11149,0,40,0.3125,0.0,-0.3125,0.0,40,0.0,1.0,1.0,4.022062708057727,0.10055156770144318,0.8960382325345574,-1.2568945962680398,0.0,/mnt/shared-storage-user/safewt-share/sunyoubang/verl-agent-run-logs/transfer-matrix8-20260603-173013/runs/transfer-matrix8-src11522-20260603-173013/verl_run/ckpts/DAPO-InfoGain/qwen35_0p8b_matrix8_src11522_rollout32_step40/info_metrics,/mnt/shared-storage-user/safewt-share/sunyoubang/verl-agent-run-logs/transfer-matrix8-20260603-173013/runs/transfer-matrix8-src11522-20260603-173013/verl_run/ckpts/DAPO-InfoGain/qwen35_0p8b_matrix8_src11522_rollout32_step40/validation,True,True,0.4375,-0.4375,0.0,0.0
11522,14376,0,40,0.0,0.0,0.0,0.0,40,0.0,1.0,1.0,4.022062708057727,0.10055156770144318,0.8960382325345574,0.0,0.0,/mnt/shared-storage-user/safewt-share/sunyoubang/verl-agent-run-logs/transfer-matrix8-20260603-173013/runs/transfer-matrix8-src11522-20260603-173013/verl_run/ckpts/DAPO-InfoGain/qwen35_0p8b_matrix8_src11522_rollout32_step40/info_metrics,/mnt/shared-storage-user/safewt-share/sunyoubang/verl-agent-run-logs/transfer-matrix8-20260603-173013/runs/transfer-matrix8-src11522-20260603-173013/verl_run/ckpts/DAPO-InfoGain/qwen35_0p8b_matrix8_src11522_rollout32_step40/validation,True,True,0.03125,-0.03125,0.0,0.0
11522,11522,0,40,0.0,1.0,1.0,1.0,40,0.0,1.0,1.0,4.022062708057727,0.10055156770144318,0.8960382325345574,4.022062708057727,4.022062708057727,/mnt/shared-storage-user/safewt-share/sunyoubang/verl-agent-run-logs/transfer-matrix8-20260603-173013/runs/transfer-matrix8-src11522-20260603-173013/verl_run/ckpts/DAPO-InfoGain/qwen35_0p8b_matrix8_src11522_rollout32_step40/info_metrics,/mnt/shared-storage-user/safewt-share/sunyoubang/verl-agent-run-logs/transfer-matrix8-20260603-173013/runs/transfer-matrix8-src11522-20260603-173013/verl_run/ckpts/DAPO-InfoGain/qwen35_0p8b_matrix8_src11522_rollout32_step40/validation,True,True,0.0078125,0.9921875,0.9921875,3.9906403431510262
11522,9483,0,40,0.0,0.0,0.0,0.0,40,0.0,1.0,1.0,4.022062708057727,0.10055156770144318,0.8960382325345574,0.0,0.0,/mnt/shared-storage-user/safewt-share/sunyoubang/verl-agent-run-logs/transfer-matrix8-20260603-173013/runs/transfer-matrix8-src11522-20260603-173013/verl_run/ckpts/DAPO-InfoGain/qwen35_0p8b_matrix8_src11522_rollout32_step40/info_metrics,/mnt/shared-storage-user/safewt-share/sunyoubang/verl-agent-run-logs/transfer-matrix8-20260603-173013/runs/transfer-matrix8-src11522-20260603-173013/verl_run/ckpts/DAPO-InfoGain/qwen35_0p8b_matrix8_src11522_rollout32_step40/validation,True,True,0.0,0.0,0.0,0.0
11522,3595,0,40,0.25,0.0,-0.25,0.0,40,0.0,1.0,1.0,4.022062708057727,0.10055156770144318,0.8960382325345574,-1.0055156770144318,0.0,/mnt/shared-storage-user/safewt-share/sunyoubang/verl-agent-run-logs/transfer-matrix8-20260603-173013/runs/transfer-matrix8-src11522-20260603-173013/verl_run/ckpts/DAPO-InfoGain/qwen35_0p8b_matrix8_src11522_rollout32_step40/info_metrics,/mnt/shared-storage-user/safewt-share/sunyoubang/verl-agent-run-logs/transfer-matrix8-20260603-173013/runs/transfer-matrix8-src11522-20260603-173013/verl_run/ckpts/DAPO-InfoGain/qwen35_0p8b_matrix8_src11522_rollout32_step40/validation,True,True,0.359375,-0.359375,0.0,0.0
11522,9337,0,40,0.4375,0.0,-0.4375,0.0,40,0.0,1.0,1.0,4.022062708057727,0.10055156770144318,0.8960382325345574,-1.7596524347752556,0.0,/mnt/shared-storage-user/safewt-share/sunyoubang/verl-agent-run-logs/transfer-matrix8-20260603-173013/runs/transfer-matrix8-src11522-20260603-173013/verl_run/ckpts/DAPO-InfoGain/qwen35_0p8b_matrix8_src11522_rollout32_step40/info_metrics,/mnt/shared-storage-user/safewt-share/sunyoubang/verl-agent-run-logs/transfer-matrix8-20260603-173013/runs/transfer-matrix8-src11522-20260603-173013/verl_run/ckpts/DAPO-InfoGain/qwen35_0p8b_matrix8_src11522_rollout32_step40/validation,True,True,0.4453125,-0.4453125,0.0,0.0
9483,12592,0,40,0.0,0.0,0.0,0.0,40,0.0,0.0,0.0,0.0,0.0,0.0,0.0,0.0,/mnt/shared-storage-user/safewt-share/sunyoubang/verl-agent-run-logs/transfer-matrix8-20260603-173013/runs/transfer-matrix8-src9483-20260603-173013/verl_run/ckpts/DAPO-InfoGain/qwen35_0p8b_matrix8_src9483_rollout32_step40/info_metrics,/mnt/shared-storage-user/safewt-share/sunyoubang/verl-agent-run-logs/transfer-matrix8-20260603-173013/runs/transfer-matrix8-src9483-20260603-173013/verl_run/ckpts/DAPO-InfoGain/qwen35_0p8b_matrix8_src9483_rollout32_step40/validation,True,True,0.0390625,-0.0390625,0.0,0.0
9483,12008,0,40,0.0625,0.125,0.0625,0.0625,40,0.0,0.0,0.0,0.0,0.0,0.0,0.0,0.0,/mnt/shared-storage-user/safewt-share/sunyoubang/verl-agent-run-logs/transfer-matrix8-20260603-173013/runs/transfer-matrix8-src9483-20260603-173013/verl_run/ckpts/DAPO-InfoGain/qwen35_0p8b_matrix8_src9483_rollout32_step40/info_metrics,/mnt/shared-storage-user/safewt-share/sunyoubang/verl-agent-run-logs/transfer-matrix8-20260603-173013/runs/transfer-matrix8-src9483-20260603-173013/verl_run/ckpts/DAPO-InfoGain/qwen35_0p8b_matrix8_src9483_rollout32_step40/validation,True,True,0.015625,0.109375,0.109375,0.0
9483,11149,0,40,0.5,0.3125,-0.1875,0.0,40,0.0,0.0,0.0,0.0,0.0,0.0,-0.0,0.0,/mnt/shared-storage-user/safewt-share/sunyoubang/verl-agent-run-logs/transfer-matrix8-20260603-173013/runs/transfer-matrix8-src9483-20260603-173013/verl_run/ckpts/DAPO-InfoGain/qwen35_0p8b_matrix8_src9483_rollout32_step40/info_metrics,/mnt/shared-storage-user/safewt-share/sunyoubang/verl-agent-run-logs/transfer-matrix8-20260603-173013/runs/transfer-matrix8-src9483-20260603-173013/verl_run/ckpts/DAPO-InfoGain/qwen35_0p8b_matrix8_src9483_rollout32_step40/validation,True,True,0.4375,-0.125,0.0,0.0
9483,14376,0,40,0.0,0.125,0.125,0.125,40,0.0,0.0,0.0,0.0,0.0,0.0,0.0,0.0,/mnt/shared-storage-user/safewt-share/sunyoubang/verl-agent-run-logs/transfer-matrix8-20260603-173013/runs/transfer-matrix8-src9483-20260603-173013/verl_run/ckpts/DAPO-InfoGain/qwen35_0p8b_matrix8_src9483_rollout32_step40/info_metrics,/mnt/shared-storage-user/safewt-share/sunyoubang/verl-agent-run-logs/transfer-matrix8-20260603-173013/runs/transfer-matrix8-src9483-20260603-173013/verl_run/ckpts/DAPO-InfoGain/qwen35_0p8b_matrix8_src9483_rollout32_step40/validation,True,True,0.03125,0.09375,0.09375,0.0
9483,11522,0,40,0.0,0.125,0.125,0.125,40,0.0,0.0,0.0,0.0,0.0,0.0,0.0,0.0,/mnt/shared-storage-user/safewt-share/sunyoubang/verl-agent-run-logs/transfer-matrix8-20260603-173013/runs/transfer-matrix8-src9483-20260603-173013/verl_run/ckpts/DAPO-InfoGain/qwen35_0p8b_matrix8_src9483_rollout32_step40/info_metrics,/mnt/shared-storage-user/safewt-share/sunyoubang/verl-agent-run-logs/transfer-matrix8-20260603-173013/runs/transfer-matrix8-src9483-20260603-173013/verl_run/ckpts/DAPO-InfoGain/qwen35_0p8b_matrix8_src9483_rollout32_step40/validation,True,True,0.0078125,0.1171875,0.1171875,0.0
9483,9483,0,40,0.0,0.0,0.0,0.0,40,0.0,0.0,0.0,0.0,0.0,0.0,0.0,0.0,/mnt/shared-storage-user/safewt-share/sunyoubang/verl-agent-run-logs/transfer-matrix8-20260603-173013/runs/transfer-matrix8-src9483-20260603-173013/verl_run/ckpts/DAPO-InfoGain/qwen35_0p8b_matrix8_src9483_rollout32_step40/info_metrics,/mnt/shared-storage-user/safewt-share/sunyoubang/verl-agent-run-logs/transfer-matrix8-20260603-173013/runs/transfer-matrix8-src9483-20260603-173013/verl_run/ckpts/DAPO-InfoGain/qwen35_0p8b_matrix8_src9483_rollout32_step40/validation,True,True,0.0,0.0,0.0,0.0
9483,3595,0,40,0.375,0.0625,-0.3125,0.0,40,0.0,0.0,0.0,0.0,0.0,0.0,-0.0,0.0,/mnt/shared-storage-user/safewt-share/sunyoubang/verl-agent-run-logs/transfer-matrix8-20260603-173013/runs/transfer-matrix8-src9483-20260603-173013/verl_run/ckpts/DAPO-InfoGain/qwen35_0p8b_matrix8_src9483_rollout32_step40/info_metrics,/mnt/shared-storage-user/safewt-share/sunyoubang/verl-agent-run-logs/transfer-matrix8-20260603-173013/runs/transfer-matrix8-src9483-20260603-173013/verl_run/ckpts/DAPO-InfoGain/qwen35_0p8b_matrix8_src9483_rollout32_step40/validation,True,True,0.359375,-0.296875,0.0,0.0
9483,9337,0,40,0.375,0.625,0.25,0.25,40,0.0,0.0,0.0,0.0,0.0,0.0,0.0,0.0,/mnt/shared-storage-user/safewt-share/sunyoubang/verl-agent-run-logs/transfer-matrix8-20260603-173013/runs/transfer-matrix8-src9483-20260603-173013/verl_run/ckpts/DAPO-InfoGain/qwen35_0p8b_matrix8_src9483_rollout32_step40/info_metrics,/mnt/shared-storage-user/safewt-share/sunyoubang/verl-agent-run-logs/transfer-matrix8-20260603-173013/runs/transfer-matrix8-src9483-20260603-173013/verl_run/ckpts/DAPO-InfoGain/qwen35_0p8b_matrix8_src9483_rollout32_step40/validation,True,True,0.4453125,0.1796875,0.1796875,0.0
3595,12592,0,40,0.0,0.125,0.125,0.125,40,0.21875,0.96875,1.0,18.201746854476536,0.45504367136191337,0.9971803988942642,2.275218356809567,2.275218356809567,/mnt/shared-storage-user/safewt-share/sunyoubang/verl-agent-run-logs/transfer-matrix8-20260603-173013/runs/transfer-matrix8-src3595-20260603-173013/verl_run/ckpts/DAPO-InfoGain/qwen35_0p8b_matrix8_src3595_rollout32_step40/info_metrics,/mnt/shared-storage-user/safewt-share/sunyoubang/verl-agent-run-logs/transfer-matrix8-20260603-173013/runs/transfer-matrix8-src3595-20260603-173013/verl_run/ckpts/DAPO-InfoGain/qwen35_0p8b_matrix8_src3595_rollout32_step40/validation,True,True,0.0390625,0.0859375,0.0859375,1.5642126203065774
3595,12008,0,40,0.0,0.0625,0.0625,0.0625,40,0.21875,0.96875,1.0,18.201746854476536,0.45504367136191337,0.9971803988942642,1.1376091784047835,1.1376091784047835,/mnt/shared-storage-user/safewt-share/sunyoubang/verl-agent-run-logs/transfer-matrix8-20260603-173013/runs/transfer-matrix8-src3595-20260603-173013/verl_run/ckpts/DAPO-InfoGain/qwen35_0p8b_matrix8_src3595_rollout32_step40/info_metrics,/mnt/shared-storage-user/safewt-share/sunyoubang/verl-agent-run-logs/transfer-matrix8-20260603-173013/runs/transfer-matrix8-src3595-20260603-173013/verl_run/ckpts/DAPO-InfoGain/qwen35_0p8b_matrix8_src3595_rollout32_step40/validation,True,True,0.015625,0.046875,0.046875,0.8532068838035876
3595,11149,0,40,0.5,0.1875,-0.3125,0.0,40,0.21875,0.96875,1.0,18.201746854476536,0.45504367136191337,0.9971803988942642,-5.688045892023918,0.0,/mnt/shared-storage-user/safewt-share/sunyoubang/verl-agent-run-logs/transfer-matrix8-20260603-173013/runs/transfer-matrix8-src3595-20260603-173013/verl_run/ckpts/DAPO-InfoGain/qwen35_0p8b_matrix8_src3595_rollout32_step40/info_metrics,/mnt/shared-storage-user/safewt-share/sunyoubang/verl-agent-run-logs/transfer-matrix8-20260603-173013/runs/transfer-matrix8-src3595-20260603-173013/verl_run/ckpts/DAPO-InfoGain/qwen35_0p8b_matrix8_src3595_rollout32_step40/validation,True,True,0.4375,-0.25,0.0,0.0
3595,14376,0,40,0.0,0.0625,0.0625,0.0625,40,0.21875,0.96875,1.0,18.201746854476536,0.45504367136191337,0.9971803988942642,1.1376091784047835,1.1376091784047835,/mnt/shared-storage-user/safewt-share/sunyoubang/verl-agent-run-logs/transfer-matrix8-20260603-173013/runs/transfer-matrix8-src3595-20260603-173013/verl_run/ckpts/DAPO-InfoGain/qwen35_0p8b_matrix8_src3595_rollout32_step40/info_metrics,/mnt/shared-storage-user/safewt-share/sunyoubang/verl-agent-run-logs/transfer-matrix8-20260603-173013/runs/transfer-matrix8-src3595-20260603-173013/verl_run/ckpts/DAPO-InfoGain/qwen35_0p8b_matrix8_src3595_rollout32_step40/validation,True,True,0.03125,0.03125,0.03125,0.5688045892023917
3595,11522,0,40,0.0,0.0,0.0,0.0,40,0.21875,0.96875,1.0,18.201746854476536,0.45504367136191337,0.9971803988942642,0.0,0.0,/mnt/shared-storage-user/safewt-share/sunyoubang/verl-agent-run-logs/transfer-matrix8-20260603-173013/runs/transfer-matrix8-src3595-20260603-173013/verl_run/ckpts/DAPO-InfoGain/qwen35_0p8b_matrix8_src3595_rollout32_step40/info_metrics,/mnt/shared-storage-user/safewt-share/sunyoubang/verl-agent-run-logs/transfer-matrix8-20260603-173013/runs/transfer-matrix8-src3595-20260603-173013/verl_run/ckpts/DAPO-InfoGain/qwen35_0p8b_matrix8_src3595_rollout32_step40/validation,True,True,0.0078125,-0.0078125,0.0,0.0
3595,9483,0,40,0.0,0.0,0.0,0.0,40,0.21875,0.96875,1.0,18.201746854476536,0.45504367136191337,0.9971803988942642,0.0,0.0,/mnt/shared-storage-user/safewt-share/sunyoubang/verl-agent-run-logs/transfer-matrix8-20260603-173013/runs/transfer-matrix8-src3595-20260603-173013/verl_run/ckpts/DAPO-InfoGain/qwen35_0p8b_matrix8_src3595_rollout32_step40/info_metrics,/mnt/shared-storage-user/safewt-share/sunyoubang/verl-agent-run-logs/transfer-matrix8-20260603-173013/runs/transfer-matrix8-src3595-20260603-173013/verl_run/ckpts/DAPO-InfoGain/qwen35_0p8b_matrix8_src3595_rollout32_step40/validation,True,True,0.0,0.0,0.0,0.0
3595,3595,0,40,0.375,0.9375,0.5625,0.5625,40,0.21875,0.96875,1.0,18.201746854476536,0.45504367136191337,0.9971803988942642,10.238482605643052,10.238482605643052,/mnt/shared-storage-user/safewt-share/sunyoubang/verl-agent-run-logs/transfer-matrix8-20260603-173013/runs/transfer-matrix8-src3595-20260603-173013/verl_run/ckpts/DAPO-InfoGain/qwen35_0p8b_matrix8_src3595_rollout32_step40/info_metrics,/mnt/shared-storage-user/safewt-share/sunyoubang/verl-agent-run-logs/transfer-matrix8-20260603-173013/runs/transfer-matrix8-src3595-20260603-173013/verl_run/ckpts/DAPO-InfoGain/qwen35_0p8b_matrix8_src3595_rollout32_step40/validation,True,True,0.359375,0.578125,0.578125,10.522884900244247
3595,9337,0,40,0.5625,0.875,0.3125,0.3125,40,0.21875,0.96875,1.0,18.201746854476536,0.45504367136191337,0.9971803988942642,5.688045892023918,5.688045892023918,/mnt/shared-storage-user/safewt-share/sunyoubang/verl-agent-run-logs/transfer-matrix8-20260603-173013/runs/transfer-matrix8-src3595-20260603-173013/verl_run/ckpts/DAPO-InfoGain/qwen35_0p8b_matrix8_src3595_rollout32_step40/info_metrics,/mnt/shared-storage-user/safewt-share/sunyoubang/verl-agent-run-logs/transfer-matrix8-20260603-173013/runs/transfer-matrix8-src3595-20260603-173013/verl_run/ckpts/DAPO-InfoGain/qwen35_0p8b_matrix8_src3595_rollout32_step40/validation,True,True,0.4453125,0.4296875,0.4296875,7.821063101532887
9337,12592,0,40,0.0,0.0625,0.0625,0.0625,40,0.40625,0.96875,1.0,13.303870709295667,0.33259676773239166,0.9744894033980523,0.8314919193309792,0.8314919193309792,/mnt/shared-storage-user/safewt-share/sunyoubang/verl-agent-run-logs/transfer-matrix8-20260603-173013/runs/transfer-matrix8-src9337-20260603-173013/verl_run/ckpts/DAPO-InfoGain/qwen35_0p8b_matrix8_src9337_rollout32_step40/info_metrics,/mnt/shared-storage-user/safewt-share/sunyoubang/verl-agent-run-logs/transfer-matrix8-20260603-173013/runs/transfer-matrix8-src9337-20260603-173013/verl_run/ckpts/DAPO-InfoGain/qwen35_0p8b_matrix8_src9337_rollout32_step40/validation,True,True,0.0390625,0.0234375,0.0234375,0.3118094697491172
9337,12008,0,40,0.0625,0.0625,0.0,0.0,40,0.40625,0.96875,1.0,13.303870709295667,0.33259676773239166,0.9744894033980523,0.0,0.0,/mnt/shared-storage-user/safewt-share/sunyoubang/verl-agent-run-logs/transfer-matrix8-20260603-173013/runs/transfer-matrix8-src9337-20260603-173013/verl_run/ckpts/DAPO-InfoGain/qwen35_0p8b_matrix8_src9337_rollout32_step40/info_metrics,/mnt/shared-storage-user/safewt-share/sunyoubang/verl-agent-run-logs/transfer-matrix8-20260603-173013/runs/transfer-matrix8-src9337-20260603-173013/verl_run/ckpts/DAPO-InfoGain/qwen35_0p8b_matrix8_src9337_rollout32_step40/validation,True,True,0.015625,0.046875,0.046875,0.6236189394982344
9337,11149,0,40,0.3125,0.0625,-0.25,0.0,40,0.40625,0.96875,1.0,13.303870709295667,0.33259676773239166,0.9744894033980523,-3.325967677323917,0.0,/mnt/shared-storage-user/safewt-share/sunyoubang/verl-agent-run-logs/transfer-matrix8-20260603-173013/runs/transfer-matrix8-src9337-20260603-173013/verl_run/ckpts/DAPO-InfoGain/qwen35_0p8b_matrix8_src9337_rollout32_step40/info_metrics,/mnt/shared-storage-user/safewt-share/sunyoubang/verl-agent-run-logs/transfer-matrix8-20260603-173013/runs/transfer-matrix8-src9337-20260603-173013/verl_run/ckpts/DAPO-InfoGain/qwen35_0p8b_matrix8_src9337_rollout32_step40/validation,True,True,0.4375,-0.375,0.0,0.0
9337,14376,0,40,0.0,0.0625,0.0625,0.0625,40,0.40625,0.96875,1.0,13.303870709295667,0.33259676773239166,0.9744894033980523,0.8314919193309792,0.8314919193309792,/mnt/shared-storage-user/safewt-share/sunyoubang/verl-agent-run-logs/transfer-matrix8-20260603-173013/runs/transfer-matrix8-src9337-20260603-173013/verl_run/ckpts/DAPO-InfoGain/qwen35_0p8b_matrix8_src9337_rollout32_step40/info_metrics,/mnt/shared-storage-user/safewt-share/sunyoubang/verl-agent-run-logs/transfer-matrix8-20260603-173013/runs/transfer-matrix8-src9337-20260603-173013/verl_run/ckpts/DAPO-InfoGain/qwen35_0p8b_matrix8_src9337_rollout32_step40/validation,True,True,0.03125,0.03125,0.03125,0.4157459596654896
9337,11522,0,40,0.0625,0.0,-0.0625,0.0,40,0.40625,0.96875,1.0,13.303870709295667,0.33259676773239166,0.9744894033980523,-0.8314919193309792,0.0,/mnt/shared-storage-user/safewt-share/sunyoubang/verl-agent-run-logs/transfer-matrix8-20260603-173013/runs/transfer-matrix8-src9337-20260603-173013/verl_run/ckpts/DAPO-InfoGain/qwen35_0p8b_matrix8_src9337_rollout32_step40/info_metrics,/mnt/shared-storage-user/safewt-share/sunyoubang/verl-agent-run-logs/transfer-matrix8-20260603-173013/runs/transfer-matrix8-src9337-20260603-173013/verl_run/ckpts/DAPO-InfoGain/qwen35_0p8b_matrix8_src9337_rollout32_step40/validation,True,True,0.0078125,-0.0078125,0.0,0.0
9337,9483,0,40,0.0,0.0625,0.0625,0.0625,40,0.40625,0.96875,1.0,13.303870709295667,0.33259676773239166,0.9744894033980523,0.8314919193309792,0.8314919193309792,/mnt/shared-storage-user/safewt-share/sunyoubang/verl-agent-run-logs/transfer-matrix8-20260603-173013/runs/transfer-matrix8-src9337-20260603-173013/verl_run/ckpts/DAPO-InfoGain/qwen35_0p8b_matrix8_src9337_rollout32_step40/info_metrics,/mnt/shared-storage-user/safewt-share/sunyoubang/verl-agent-run-logs/transfer-matrix8-20260603-173013/runs/transfer-matrix8-src9337-20260603-173013/verl_run/ckpts/DAPO-InfoGain/qwen35_0p8b_matrix8_src9337_rollout32_step40/validation,True,True,0.0,0.0625,0.0625,0.8314919193309792
9337,3595,0,40,0.5,0.5,0.0,0.0,40,0.40625,0.96875,1.0,13.303870709295667,0.33259676773239166,0.9744894033980523,0.0,0.0,/mnt/shared-storage-user/safewt-share/sunyoubang/verl-agent-run-logs/transfer-matrix8-20260603-173013/runs/transfer-matrix8-src9337-20260603-173013/verl_run/ckpts/DAPO-InfoGain/qwen35_0p8b_matrix8_src9337_rollout32_step40/info_metrics,/mnt/shared-storage-user/safewt-share/sunyoubang/verl-agent-run-logs/transfer-matrix8-20260603-173013/runs/transfer-matrix8-src9337-20260603-173013/verl_run/ckpts/DAPO-InfoGain/qwen35_0p8b_matrix8_src9337_rollout32_step40/validation,True,True,0.359375,0.140625,0.140625,1.8708568184947032
9337,9337,0,40,0.25,1.0,0.75,0.75,40,0.40625,0.96875,1.0,13.303870709295667,0.33259676773239166,0.9744894033980523,9.977903031971751,9.977903031971751,/mnt/shared-storage-user/safewt-share/sunyoubang/verl-agent-run-logs/transfer-matrix8-20260603-173013/runs/transfer-matrix8-src9337-20260603-173013/verl_run/ckpts/DAPO-InfoGain/qwen35_0p8b_matrix8_src9337_rollout32_step40/info_metrics,/mnt/shared-storage-user/safewt-share/sunyoubang/verl-agent-run-logs/transfer-matrix8-20260603-173013/runs/transfer-matrix8-src9337-20260603-173013/verl_run/ckpts/DAPO-InfoGain/qwen35_0p8b_matrix8_src9337_rollout32_step40/validation,True,True,0.4453125,0.5546875,0.5546875,7.37949078406244
