source_problem,source_num_steps,A_verifier_uncertainty_bits,verifier_uncertainty_bound_bits,verifier_uncertainty_bound_fraction,A_verifier_variance,verifier_variance_bound,verifier_variance_bound_fraction,verifier_uncertainty_start_bits,verifier_uncertainty_final_bits,verifier_uncertainty_delta_bits,verifier_variance_start,verifier_variance_final,verifier_variance_delta,action_entropy_start_per_token_nats,action_entropy_final_per_token_nats,action_entropy_shrink_per_token_nats,action_entropy_start_seq_nats,action_entropy_final_seq_nats,action_entropy_shrink_seq_nats,action_entropy_cumulative_per_token_nats,correct_action_entropy_start_per_token_nats,correct_action_entropy_final_per_token_nats,correct_action_entropy_shrink_per_token_nats,correct_action_entropy_start_step,correct_action_entropy_final_step,correct_action_entropy_start_seq_nats,correct_action_entropy_final_seq_nats,correct_action_entropy_shrink_seq_nats,incorrect_action_entropy_start_per_token_nats,incorrect_action_entropy_final_per_token_nats,incorrect_action_entropy_shrink_per_token_nats,source_p_start,source_p_final,source_p_max,verifier_sharpness_final,self_delta_p_common,mean_delta_p_common_offdiag,mean_positive_delta_p_common_offdiag
1139,16,15.545373609939784,16.0,0.9715858506212365,3.8447265625,4.0,0.961181640625,0.954434002924965,0.9971803988942642,-0.04274639596929919,0.234375,0.2490234375,-0.0146484375,0.19383050396572798,0.19358533876948059,0.00024516519624739885,118.98307871818542,116.41731691360474,2.5657618045806885,2.7414225346874446,0.1784237946073214,0.17988676031430562,-0.001462965706984204,1,16,109.98807144165039,106.48106791178385,3.5070035298665374,0.20307452958077193,0.20567231975934086,-0.002597790178568926,0.375,0.46875,0.6875,0.0028196011057357584,0.21796875,0.04523237179487178,0.053645833333333316
11788,16,1.8143594971019008,16.0,0.1133974685688688,0.296875,4.0,0.07421875,0.0,0.3372900666170139,-0.3372900666170139,0.0,0.05859375,-0.05859375,0.4144963414873928,0.41192935034632683,0.002566991141065955,283.2140645980835,288.8945486545563,-5.680484056472778,6.62353376718238,0.12301122397184372,0.2815288007259369,-0.15851757675409317,2,16,112.18623352050781,176.82843017578125,-64.64219665527344,0.4144963414873928,0.4206227203210195,-0.006126378833626711,0.0,0.0625,0.0625,0.6627099333829861,-0.01953125,0.008854166666666663,0.029026442307692298
12365,16,14.54157371129917,16.0,0.9088483569561981,3.521484375,4.0,0.88037109375,0.6962122601251458,0.9886994082884974,-0.29248714816335164,0.15234375,0.24609375,-0.09375,0.594939136877656,0.24047312187030911,0.35446601500734687,342.4181785583496,169.86354279518127,172.55463576316833,5.43868331448175,0.42212311923503876,0.21411763025181635,0.2080054889832224,1,16,260.28692626953125,151.40755789620536,108.87936837332589,0.6348197563336446,0.2609718375735813,0.37384791876006335,0.1875,0.4375,0.75,0.01130059171150255,0.51171875,0.011258012820512822,0.032451923076923066
12403,16,0.0,16.0,0.0,0.0,4.0,0.0,0.0,0.0,0.0,0.0,0.0,0.0,0.9615700514987111,0.9247585432603955,0.03681150823831558,551.0385823249817,537.3769464492798,13.661635875701904,15.524040876422077,,,,0,0,,,,0.9615700514987111,0.9247585432603955,0.03681150823831558,0.0,0.0,0.0,1.0,-0.00078125,0.0027644230769230654,0.024338942307692298
12633,16,0.0,16.0,0.0,0.0,4.0,0.0,0.0,0.0,0.0,0.0,0.0,0.0,1.4107270650565624,1.2890778630971909,0.12164920195937157,706.7166833877563,650.418475151062,56.298208236694336,20.384814254939556,,,,0,0,,,,1.4107270650565624,1.2890778630971909,0.12164920195937157,0.0,0.0,0.0,1.0,-0.0015625,-0.019651442307692304,0.01350160256410256
1296,16,2.7760430565563747,16.0,0.17350269103477342,0.46875,4.0,0.1171875,0.0,0.0,0.0,0.0,0.0,0.0,0.47618201933801174,0.497893781401217,-0.021711762063205242,186.21014046669006,181.54468178749084,4.665458679199219,7.778151929145679,0.4517234265804291,0.5156419773896536,-0.06391855080922448,2,15,164.4273223876953,208.73934936523438,-44.31202697753906,0.47618201933801174,0.497893781401217,-0.021711762063205242,0.0,0.0,0.09375,1.0,0.0109375,0.02329727564102563,0.03275240384615383
13162,16,15.06308856757451,16.0,0.9414430354734069,3.68359375,4.0,0.9208984375,0.9744894033980523,0.954434002924965,0.020055400473087293,0.2412109375,0.234375,0.0068359375,0.5706170983612537,0.45368937868624926,0.11692771967500448,366.82333874702454,297.298814535141,69.52452421188354,8.103604538133368,0.53874534839078,0.46559650674462316,0.07314884164615687,1,16,337.7405965704667,299.969425201416,37.771171369050705,0.6171988867796384,0.433844165255626,0.1833547215240124,0.59375,0.625,0.75,0.04556599707503495,0.15546875,0.03561698717948717,0.04807692307692307
13784,16,6.3453830480074105,16.0,0.39658644050046316,1.2041015625,4.0,0.301025390625,0.0,0.6252624052234231,-0.6252624052234231,0.0,0.1318359375,-0.1318359375,0.5831333445385098,0.41994913946837187,0.16318420507013798,421.73411750793457,300.20784974098206,121.52626776695251,7.574511111713946,0.670154832303524,0.3638122469186783,0.3063425853848457,2,16,623.6590957641602,273.3905548095703,350.26854095458987,0.5831333445385098,0.43034486031090774,0.1527884842276021,0.0,0.15625,0.15625,0.37473759477657687,-0.0078125,0.029387019230769217,0.04010416666666665
13941,16,5.620637548423516,16.0,0.35128984677646974,1.0458984375,4.0,0.261474609375,0.3372900666170139,0.4488644887230294,-0.11157442210601554,0.05859375,0.0849609375,-0.0263671875,0.16695660003460944,0.17658547637984157,-0.009628876345232129,155.50799775123596,155.83214402198792,-0.3241462707519531,2.67455164832063,0.2067386955022812,0.21012104054292044,-0.003382345040639251,1,16,144.98976135253906,139.03431701660156,5.9554443359375,0.16430446033676466,0.17311628008710928,-0.008811819750344618,0.0625,0.09375,0.15625,0.5511355112769706,-0.06328125,-0.00044070512820513623,0.017047275641025626
14880,16,14.2119805863693,16.0,0.8882487866480813,3.419921875,4.0,0.85498046875,0.8960382325345574,0.9283620723948676,-0.03232383986031018,0.21484375,0.2255859375,-0.0107421875,0.20270553906448185,0.2205704553052783,-0.017864916240796447,137.1217908859253,152.58970880508423,-15.467917919158936,3.212697647046298,0.19818970798091454,0.23900259747391656,-0.04081288949300202,1,16,126.97749120538884,155.9901871454148,-29.012695940025964,0.21264036744832993,0.18538182025605981,0.02725854719227011,0.6875,0.65625,0.875,0.07163792760513243,0.096875,0.028305288461538458,0.03802083333333332
15185,16,0.0,16.0,0.0,0.0,4.0,0.0,0.0,0.0,0.0,0.0,0.0,0.0,0.27646239614114165,0.27748975390568376,-0.0010273577645421028,137.52278816699982,139.02886056900024,-1.5060724020004272,4.4979865595232695,,,,0,0,,,,0.27646239614114165,0.27748975390568376,-0.0010273577645421028,0.0,0.0,0.0,1.0,-0.00703125,-0.00989583333333334,0.011658653846153836
15543,16,14.974434953541548,16.0,0.9359021845963468,3.65625,4.0,0.9140625,0.8112781244591328,0.954434002924965,-0.14315587846583222,0.1875,0.234375,-0.046875,0.28442272637039423,0.2517916182987392,0.032631108071655035,162.69944214820862,152.24039483070374,10.459047317504883,4.406075457111001,0.26747985929250717,0.2680278929571311,-0.0005480336646239148,1,16,147.0566463470459,149.10062662760416,-2.0439802805582588,0.2900703487296899,0.24204985350370406,0.04802049522598584,0.25,0.375,0.5,0.04556599707503495,-0.0101562499999999,0.029447115384615374,0.041907051282051265
15592,16,3.0657132830757874,16.0,0.1916070801922367,0.5029296875,4.0,0.125732421875,0.4488644887230294,0.0,0.4488644887230294,0.0849609375,0.0,0.0849609375,0.22092775674536824,0.20086807268671691,0.020059684058651328,135.24337697029114,128.86504650115967,6.37833046913147,3.313999770907685,0.15918579200903574,0.24904821813106537,-0.08986242612202963,1,14,166.4654541015625,161.1342010498047,5.3312530517578125,0.2273148565456785,0.20086807268671691,0.026446783858961598,0.09375,0.0,0.09375,1.0,-0.0085937499999999,0.011778846153846148,0.026802884615384607
1689,16,3.1133331231733883,16.0,0.19458332019833677,0.52734375,4.0,0.1318359375,0.2006223243127146,0.2006223243127146,0.0,0.0302734375,0.0302734375,0.0,0.09166451287455857,0.10795694962143898,-0.016292436746880412,126.80532503128052,120.63955187797546,6.165773153305054,1.5839836567174643,0.13489821553230286,0.12337765097618103,0.011520564556121826,1,16,137.7310791015625,111.16326141357422,26.56781768798828,0.09026987730495391,0.10745950764225375,-0.017189630337299838,0.03125,0.03125,0.09375,0.7993776756872853,0.00078125,-0.016506410256410264,0.01073717948717947
17729,16,12.639821374809223,16.0,0.7899888359255764,2.9052734375,4.0,0.726318359375,0.6962122601251458,0.8571484374283715,-0.16093617730322574,0.15234375,0.2021484375,-0.0498046875,0.16685363953001797,0.19259614776819944,-0.025742508238181472,78.85013628005981,96.12267470359802,-17.272538423538208,2.7022347766906023,0.14676655704776445,0.20341787238915762,-0.05665131534139317,1,16,72.8786195119222,94.19444020589192,-21.315820693969727,0.1714891201028457,0.1883615598730419,-0.0168724397701962,0.1875,0.28125,0.34375,0.14285156257162845,-0.04765625,0.003966346153846157,0.02071314102564101
17768,16,11.806361522768327,16.0,0.7378975951730204,2.6630859375,4.0,0.665771484375,0.8960382325345574,0.5435644431995964,0.352473789334961,0.21484375,0.109375,0.10546875,0.13163398252800107,0.1311048474162817,0.0005291351117193699,69.01611566543579,65.35718524456024,3.6589304208755493,2.1882924176752567,0.13013303313742985,0.12871674288596427,0.001416290251465585,1,16,66.08640844171697,64.96618502480644,1.1202234169105338,0.13493607118725776,0.1478215791285038,-0.012885507941246044,0.6875,0.875,0.90625,0.4564355568004036,0.0632812499999999,0.020352564102564103,0.03589743589743588
2119,16,8.154537466224182,16.0,0.5096585916390114,1.6484375,4.0,0.412109375,0.4488644887230294,0.6252624052234231,-0.17639791650039371,0.0849609375,0.1318359375,-0.046875,0.19894723943434656,0.2083275376353413,-0.00938029820099473,106.40701150894165,120.2476110458374,-13.840599536895752,3.3224283333402127,0.26835253338019055,0.20467444360256196,0.0636780897776286,1,16,147.1385040283203,123.42327117919922,23.715232849121094,0.1917673814399489,0.20900403653030042,-0.01723665509035152,0.09375,0.15625,0.25,0.37473759477657687,0.11171875,0.021514423076923063,0.03363381410256408
3075,16,13.64414991058015,16.0,0.8527593694112594,3.23828125,4.0,0.8095703125,0.6252624052234231,0.9886994082884974,-0.3634370030650743,0.1318359375,0.24609375,-0.1142578125,0.09725928329862654,0.10324494785163552,-0.005985664553008974,79.68745589256287,88.83287560939789,-9.145419716835022,1.637230244348757,0.09134798049926758,0.10149068757891655,-0.010142707079648969,1,16,75.31787719726563,91.26333699907575,-15.945459801810117,0.09835396900221154,0.10460937250819471,-0.006255403505983179,0.15625,0.4375,0.4375,0.01130059171150255,0.0421874999999999,0.02089342948717949,0.032111378205128195
3386,16,0.2006223243127146,16.0,0.012538895269544662,0.0302734375,4.0,0.007568359375,0.0,0.0,0.0,0.0,0.0,0.0,0.18880114960484207,0.18816431006416678,0.0006368395406752825,173.24584889411926,175.35735726356506,-2.111508369445801,3.101251932559535,0.08997459709644318,0.08997459709644318,0.0,15,15,103.92066192626953,103.92066192626953,0.0,0.18880114960484207,0.18816431006416678,0.0006368395406752825,0.0,0.0,0.03125,1.0,-0.00234375,0.01642628205128204,0.027504006410256396
3442,16,8.35417212223996,16.0,0.5221357576399975,1.703125,4.0,0.42578125,0.5435644431995964,0.4488644887230294,0.09469995447656698,0.109375,0.0849609375,0.0244140625,0.08712673198897392,0.10802858014358208,-0.02090184815460816,62.098312735557556,75.21790254116058,-13.119589805603027,1.509951402200386,0.09163183812052011,0.10322558755675952,-0.011593749436239406,1,16,63.19126033782959,81.3247667948405,-18.13350645701091,0.08648314539875303,0.10852544144566717,-0.022042296046914142,0.125,0.09375,0.21875,0.5511355112769706,0.03515625,0.0058493589743589735,0.022315705128205122
3626,16,8.479304616924503,16.0,0.5299565385577815,1.7578125,4.0,0.439453125,0.7578784625383954,0.8112781244591328,-0.05339966192073742,0.1708984375,0.1875,-0.0166015625,0.1363702353555709,0.1265174439176917,0.009852791437879205,62.98504954576492,59.021485686302185,3.963563859462738,2.0619565477827564,0.11992768517562322,0.10443775448948145,0.015489930686141767,1,16,53.65451158796038,53.82011604309082,-0.16560445513044186,0.14097414940595626,0.13387734039376178,0.007096809012194477,0.21875,0.25,0.25,0.18872187554086717,0.1265625,-0.000500801282051285,0.014623397435897419
3689,16,14.488545789713076,16.0,0.9055341118570672,3.4951171875,4.0,0.873779296875,0.9886994082884974,0.8571484374283715,0.1315509708601259,0.24609375,0.2021484375,0.0439453125,0.12694369861856103,0.11828973051160574,0.00865396810695529,60.75209665298462,59.31442928314209,1.4376673698425293,2.014925935305655,0.13146114562238967,0.11782319228286328,0.013637953339526387,1,16,59.73623085021973,58.33758146866508,1.3986493815546481,0.12343012872669432,0.11948199487394756,0.003948133852746755,0.4375,0.71875,0.78125,0.14285156257162845,0.1976562499999999,0.027323717948717945,0.04370993589743588
4250,16,0.0,16.0,0.0,0.0,4.0,0.0,0.0,0.0,0.0,0.0,0.0,0.0,0.204504118533805,0.19638926489278674,0.008114853641018271,110.22421419620514,102.249436378479,7.974777817726135,3.155770637560636,,,,0,0,,,,0.204504118533805,0.19638926489278674,0.008114853641018271,0.0,0.0,0.0,1.0,0.0,0.014763621794871784,0.02185496794871793
4444,16,9.710136586306184,16.0,0.6068835366441365,2.09765625,4.0,0.5244140625,0.2006223243127146,0.8112781244591328,-0.6106558001464182,0.0302734375,0.1875,-0.1572265625,0.1671424286905676,0.18297684495337307,-0.015834416262805462,110.902761220932,129.50952887535095,-18.606767654418945,2.962131295935251,0.2822301983833313,0.17882922384887934,0.10340097453445196,1,16,136.3171844482422,113.67349052429199,22.643693923950195,0.16342991999080103,0.18435938532153764,-0.020929465330736613,0.03125,0.25,0.25,0.18872187554086717,0.13203125,0.023397435897435887,0.03495592948717947
4998,16,0.0,16.0,0.0,0.0,4.0,0.0,0.0,0.0,0.0,0.0,0.0,0.0,0.23867099406197667,0.28698735660873353,-0.048316362546756864,173.08883023262024,200.94071793556213,-27.851887702941895,4.055888239876367,,,,0,0,,,,0.23867099406197667,0.28698735660873353,-0.048316362546756864,0.0,0.0,0.0,1.0,0.0,-0.010076121794871796,0.015284455128205122
549,16,7.579893500309592,16.0,0.4737433437693495,1.509765625,4.0,0.37744140625,0.2006223243127146,0.5435644431995964,-0.3429421188868818,0.0302734375,0.109375,-0.0791015625,0.15804205293534324,0.15175612934399396,0.006285923591349274,124.45630872249603,115.36326217651367,9.09304654598236,2.380743149900809,0.2798251509666443,0.1895004715770483,0.09032467938959599,1,16,111.37041473388672,105.96606826782227,5.404346466064453,0.15411356590207545,0.14636408045355762,0.007749485448517834,0.03125,0.125,0.1875,0.4564355568004036,0.0765625,0.020012019230769226,0.028605769230769216
5809,16,15.167754688681734,16.0,0.9479846680426084,3.7197265625,4.0,0.929931640625,0.9744894033980523,1.0,-0.025510596601947655,0.2412109375,0.25,-0.0087890625,0.11043228511698544,0.11152121832128614,-0.0010889332043007016,86.0781751871109,75.36056673526764,10.717608451843262,1.7298286451259628,0.09765828056977345,0.10881511145271361,-0.011156830882940158,1,16,64.64654599703275,74.30568933486938,-9.659143337836639,0.11917239349139364,0.11422732518985868,0.004945068301534961,0.40625,0.5,0.625,0.0,0.078125,-0.007271634615384617,0.013721955128205125
5944,16,0.2006223243127146,16.0,0.012538895269544662,0.0302734375,4.0,0.007568359375,0.0,0.0,0.0,0.0,0.0,0.0,0.3475880017504096,0.38485495233908296,-0.03726695058867335,284.552996635437,298.5741982460022,-14.021201610565186,5.246058431803249,0.3656975328922272,0.3656975328922272,0.0,3,3,367.1603088378906,367.1603088378906,0.0,0.3475880017504096,0.38485495233908296,-0.03726695058867335,0.0,0.0,0.03125,1.0,0.0,-0.018088942307692306,0.012640224358974354
6067,16,5.651279957664812,16.0,0.35320499735405075,1.0458984375,4.0,0.261474609375,0.5435644431995964,0.4488644887230294,0.09469995447656698,0.109375,0.0849609375,0.0244140625,0.13228278676979244,0.12215719744563103,0.01012558932416141,108.72021865844727,114.03742170333862,-5.317203044891357,2.047805422800593,0.10888303816318512,0.10424930602312088,0.0046337321400642395,1,16,104.09586143493652,94.58155822753906,9.514303207397461,0.13562560799930776,0.12400973793761484,0.011615870061692915,0.125,0.09375,0.15625,0.5511355112769706,0.00703125,-0.0014423076923076878,0.015104166666666662
7665,16,0.0,16.0,0.0,0.0,4.0,0.0,0.0,0.0,0.0,0.0,0.0,0.0,0.47235505655407906,0.4170703259296715,0.05528473062440753,184.38377904891968,183.9234001636505,0.46037888526916504,7.21640287572518,,,,0,0,,,,0.47235505655407906,0.4170703259296715,0.05528473062440753,0.0,0.0,0.0,1.0,0.0,-0.005268429487179495,0.012319711538461526
7690,16,3.1189851754432563,16.0,0.19493657346520352,0.5478515625,4.0,0.136962890625,0.2006223243127146,0.2006223243127146,0.0,0.0302734375,0.0302734375,0.0,0.2496541221626103,0.2916923747397959,-0.04203825257718563,115.8426284790039,142.55942296981812,-26.71679449081421,4.645004699239507,0.2735790014266968,0.28633272647857666,-0.012753725051879883,1,16,140.3460235595703,112.52876281738281,27.8172607421875,0.24888235186376878,0.2918652666191901,-0.04298291475542132,0.03125,0.03125,0.125,0.7993776756872853,0.01953125,-0.017788461538461534,0.009435096153846143
7790,16,3.799217360947152,16.0,0.237451085059197,0.685546875,4.0,0.17138671875,0.3372900666170139,0.0,0.3372900666170139,0.05859375,0.0,0.05859375,0.18124680314213037,0.23584857769310474,-0.05460177455097437,157.68721461296082,192.28858733177185,-34.601372718811035,3.562187634408474,0.18184871226549149,0.1551392674446106,0.02670944482088089,1,15,198.72150421142578,180.8923797607422,17.829124450683594,0.18120667586723962,0.23584857769310474,-0.05464190182586512,0.0625,0.0,0.125,1.0,-0.0171875,-0.011237980769230767,0.009755608974358966
8354,16,10.49916233050677,16.0,0.6561976456566732,2.3115234375,4.0,0.577880859375,0.3372900666170139,0.9886994082884974,-0.6514093416714836,0.05859375,0.24609375,-0.1875,0.0768510001944378,0.08144410862587392,-0.0045931084314361215,56.26076138019562,65.84106409549713,-9.580302715301514,1.2921464873943478,0.05235268175601959,0.07480585016310215,-0.022453168407082558,1,16,51.28810119628906,64.23209487067328,-12.943993674384217,0.07848422142366568,0.08997901236372334,-0.011494790940057661,0.0625,0.5625,0.5625,0.01130059171150255,0.30390625,0.01899038461538461,0.028585737179487165
863,16,0.0,16.0,0.0,0.0,4.0,0.0,0.0,0.0,0.0,0.0,0.0,0.0,0.3265556611586362,0.3848217655904591,-0.058266104431822896,168.8919394016266,212.65728282928467,-43.76534342765808,5.629620462656021,,,,0,0,,,,0.3265556611586362,0.3848217655904591,-0.058266104431822896,0.0,0.0,0.0,1.0,-0.00078125,-0.00124198717948719,0.01814903846153845
8993,16,12.404615853586712,16.0,0.7752884908491695,2.8466796875,4.0,0.711669921875,0.9886994082884974,0.8571484374283715,0.1315509708601259,0.24609375,0.2021484375,0.0439453125,0.19880705862306058,0.21476870216429234,-0.01596164354123175,84.27163636684418,94.51339662075043,-10.24176025390625,2.9395916124340147,0.16399245088299116,0.1944839993248815,-0.030491548441890337,1,16,67.8366133371989,79.54635935244353,-11.709746015244633,0.24356869714600698,0.2666073871983422,-0.02303869005233522,0.5625,0.71875,0.875,0.14285156257162845,0.25,0.021173878205128206,0.03549679487179486
9187,16,0.0,16.0,0.0,0.0,4.0,0.0,0.0,0.0,0.0,0.0,0.0,0.0,0.1908490585628897,0.19357252400368452,-0.0027234654407948256,47.528252363204956,49.65771806240082,-2.129465699195862,3.0662507698871195,,,,0,0,,,,0.1908490585628897,0.19357252400368452,-0.0027234654407948256,0.0,0.0,0.0,1.0,0.0,0.0035456730769230734,0.016706730769230755
9195,16,12.258446886064004,16.0,0.7661529303790002,2.7841796875,4.0,0.696044921875,0.6962122601251458,0.6252624052234231,0.07094985490172268,0.15234375,0.1318359375,0.0205078125,0.10866978717967868,0.11899301689118147,-0.01032322971150279,61.287905514240265,73.97481083869934,-12.686905324459076,1.7123993667773902,0.10348239913582802,0.09601524174213409,0.007467157393693927,1,16,61.11978085835775,58.94985809326172,2.1699227650960324,0.1098668767282596,0.12324816043730136,-0.013381283709041764,0.1875,0.15625,0.34375,0.37473759477657687,0.30390625,0.016586538461538458,0.024379006410256397
9622,16,5.577121849537489,16.0,0.3485701155960931,1.0859375,4.0,0.271484375,0.3372900666170139,0.5435644431995964,-0.20627437658258252,0.05859375,0.109375,-0.05078125,0.1509666759520769,0.16482691862620413,-0.013860242674127221,117.8494336605072,133.52772665023804,-15.678292989730835,2.6582738960860297,0.21969662606716156,0.1615209523588419,0.058175673708319664,1,16,204.23025512695312,151.06336975097656,53.16688537597656,0.14638467927773793,0.1652991995215416,-0.018914520243803662,0.0625,0.125,0.21875,0.4564355568004036,0.0281249999999999,0.004427083333333328,0.018589743589743576
9857,16,4.699543387612984,16.0,0.2937214617258115,0.876953125,4.0,0.21923828125,0.8112781244591328,0.2006223243127146,0.6106558001464182,0.1875,0.0302734375,0.1572265625,0.1663998793810606,0.16982489125803113,-0.0034250118769705296,46.749871253967285,49.68813943862915,-2.9382681846618652,2.7267751719336957,0.16804255793491998,0.16989125792057283,-0.0018486999856528463,1,16,46.36396074295044,49.4834228023406,-3.119462059390159,0.16147184371948242,0.16776752471923828,-0.006295680999755859,0.75,0.96875,1.0,0.7993776756872853,0.2445312499999999,0.03413461538461538,0.043609775641025625
9940,16,0.0,16.0,0.0,0.0,4.0,0.0,0.0,0.0,0.0,0.0,0.0,0.0,0.1838445079047233,0.1850204630754888,-0.0011759551707655191,140.80107522010803,137.48623776435852,3.3148374557495117,3.158935636281967,,,,0,0,,,,0.1838445079047233,0.1850204630754888,-0.0011759551707655191,0.0,0.0,0.0,1.0,-0.0015625,-0.014042467948717953,0.012920673076923062
